tradeid,fundid,assetid,tradedate,tradetype,quantity,tradeprice,grossvalue,signed_gross_value
TRD000001,F004,A018,2025-12-13,Buy,46,100.59,4627.14,4627.14
TRD000002,F001,A002,2025-02-21,Buy,24,173.32,4159.68,4159.68
TRD000003,F001,A001,2026-04-02,Buy,228,271.91,61995.48,61995.48
TRD000004,F005,A003,2026-07-01,Buy,428,370.01,158364.28,158364.28
TRD000005,F008,A019,2026-04-25,Buy,77,291.23,22424.71,22424.71
TRD000006,F005,A014,2026-04-22,Buy,339,271.74,92119.86,92119.86
TRD000007,F004,A018,2025-09-22,Sell,450,119.28,53676.0,-53676.0
TRD000008,F007,A010,2025-12-05,Sell,368,123.47,45436.96,-45436.96
TRD000009,F006,A018,2026-05-02,Buy,259,91.6,23724.4,23724.4
TRD000010,F008,A017,2025-12-23,Buy,443,159.87,70822.41,70822.41
TRD000011,F003,A005,2025-04-20,Buy,217,139.12,30189.04,30189.04
TRD000012,F002,A019,2026-02-28,Buy,282,327.86,92456.52,92456.52
TRD000013,F004,A018,2025-12-15,Buy,256,102.9,26342.4,26342.4
TRD000014,F007,A012,2026-07-12,Buy,300,60.94,18282.0,18282.0
TRD000015,F003,A005,2026-08-11,Sell,388,143.44,55654.72,-55654.72
TRD000016,F002,A018,2026-07-23,Buy,315,105.43,33210.45,33210.45
TRD000017,F008,A016,2025-03-13,Buy,167,216.13,36093.71,36093.71
TRD000018,F007,A011,2025-03-04,Buy,263,166.39,43760.57,43760.57
TRD000019,F003,A001,2025-06-02,Buy,397,251.24,99742.28,99742.28
TRD000020,F005,A005,2025-07-20,Buy,325,129.99,42246.75,42246.75
TRD000021,F006,A016,2025-11-08,Sell,301,206.92,62282.92,-62282.92
TRD000022,F007,A011,2026-06-07,Buy,55,163.41,8987.55,8987.55
TRD000023,F003,A015,2026-07-17,Sell,41,127.43,5224.63,-5224.63
TRD000024,F001,A008,2026-01-03,Buy,296,248.24,73479.04,73479.04
TRD000025,F005,A001,2026-02-08,Buy,130,275.26,35783.8,35783.8
TRD000026,F007,A012,2025-08-05,Buy,205,55.01,11277.05,11277.05
TRD000027,F008,A016,2026-01-04,Sell,106,193.29,20488.74,-20488.74
TRD000028,F003,A015,2025-05-18,Buy,456,139.4,63566.4,63566.4
TRD000029,F001,A002,2026-03-24,Sell,379,195.05,73923.95,-73923.95
TRD000030,F003,A005,2026-03-02,Sell,80,132.44,10595.2,-10595.2
TRD000031,F007,A010,2026-07-20,Sell,242,110.04,26629.68,-26629.68
TRD000032,F007,A011,2025-01-08,Buy,125,144.42,18052.5,18052.5
TRD000033,F004,A020,2026-08-14,Buy,220,184.21,40526.2,40526.2
TRD000034,F001,A007,2025-04-26,Buy,257,188.58,48465.06,48465.06
TRD000035,F002,A017,2025-10-14,Buy,383,189.7,72655.1,72655.1
TRD000036,F002,A018,2025-09-09,Buy,465,110.14,51215.1,51215.1
TRD000037,F002,A018,2026-08-17,Buy,334,107.87,36028.58,36028.58
TRD000038,F001,A003,2026-04-26,Buy,283,440.85,124760.55,124760.55
TRD000039,F008,A019,2025-12-28,Sell,385,314.97,121263.45,-121263.45
TRD000040,F005,A003,2025-11-08,Sell,95,350.13,33262.35,-33262.35
TRD000041,F005,A001,2025-06-23,Buy,332,278.76,92548.32,92548.32
TRD000042,F005,A014,2026-05-12,Buy,329,219.37,72172.73,72172.73
TRD000043,F002,A019,2025-10-15,Buy,139,295.17,41028.63,41028.63
TRD000044,F005,A001,2025-06-28,Sell,389,248.27,96577.03,-96577.03
TRD000045,F003,A020,2025-09-25,Sell,199,178.39,35499.61,-35499.61
TRD000046,F004,A020,2025-02-03,Buy,102,177.98,18153.96,18153.96
TRD000047,F002,A017,2025-06-07,Sell,314,200.48,62950.72,-62950.72
TRD000048,F007,A012,2025-06-21,Buy,131,58.8,7702.8,7702.8
TRD000049,F006,A001,2025-04-29,Buy,338,261.16,88272.08,88272.08
TRD000050,F008,A017,2026-06-30,Buy,253,166.82,42205.46,42205.46
TRD000051,F007,A012,2026-03-22,Buy,144,50.13,7218.72,7218.72
TRD000052,F008,A017,2026-06-27,Buy,357,167.58,59826.06,59826.06
TRD000053,F001,A001,2025-12-29,Sell,479,283.66,135873.14,-135873.14
TRD000054,F007,A011,2025-04-11,Buy,181,148.46,26871.26,26871.26
TRD000055,F007,A012,2025-09-05,Sell,405,59.05,23915.25,-23915.25
TRD000056,F004,A020,2025-07-04,Buy,356,172.63,61456.28,61456.28
TRD000057,F001,A008,2025-01-13,Buy,14,248.98,3485.72,3485.72
TRD000058,F002,A018,2025-10-18,Buy,238,101.87,24245.06,24245.06
TRD000059,F001,A001,2025-08-11,Sell,327,246.62,80644.74,-80644.74
TRD000060,F002,A018,2025-05-14,Buy,500,94.46,47230.0,47230.0
TRD000061,F003,A005,2025-10-29,Buy,366,114.99,42086.34,42086.34
TRD000062,F002,A018,2025-10-11,Sell,242,120.14,29073.88,-29073.88
TRD000063,F006,A016,2025-10-11,Sell,92,206.14,18964.88,-18964.88
TRD000064,F007,A012,2025-09-22,Sell,180,64.45,11601.0,-11601.0
TRD000065,F005,A002,2025-07-25,Buy,235,152.27,35783.45,35783.45
TRD000066,F003,A020,2026-03-18,Buy,65,145.86,9480.9,9480.9
TRD000067,F002,A019,2025-02-05,Buy,376,307.75,115714.0,115714.0
TRD000068,F005,A005,2025-06-02,Buy,19,142.13,2700.47,2700.47
TRD000069,F001,A001,2025-06-05,Sell,350,271.79,95126.5,-95126.5
TRD000070,F007,A009,2026-05-18,Buy,273,103.11,28149.03,28149.03
TRD000071,F007,A009,2026-01-29,Sell,286,89.08,25476.88,-25476.88
TRD000072,F008,A016,2026-01-03,Buy,300,192.14,57642.0,57642.0
TRD000073,F005,A005,2025-04-03,Buy,38,132.06,5018.28,5018.28
TRD000074,F006,A001,2025-10-24,Buy,440,277.62,122152.8,122152.8
TRD000075,F003,A001,2025-11-03,Buy,206,294.57,60681.42,60681.42
TRD000076,F002,A018,2025-03-28,Sell,362,102.12,36967.44,-36967.44
TRD000077,F008,A019,2025-07-17,Buy,107,295.91,31662.37,31662.37
TRD000078,F004,A020,2026-07-08,Buy,209,141.9,29657.1,29657.1
TRD000079,F008,A019,2025-01-17,Buy,437,362.77,158530.49,158530.49
TRD000080,F001,A003,2026-02-20,Buy,413,433.83,179171.79,179171.79
TRD000081,F008,A019,2025-06-02,Sell,455,368.99,167890.45,-167890.45
TRD000082,F004,A018,2026-05-16,Buy,28,114.15,3196.2,3196.2
TRD000083,F008,A019,2025-05-14,Buy,33,306.13,10102.29,10102.29
TRD000084,F001,A003,2026-04-13,Buy,430,442.7,190361.0,190361.0
TRD000085,F002,A017,2025-08-14,Buy,68,177.24,12052.32,12052.32
TRD000086,F004,A020,2026-02-16,Buy,182,178.57,32499.74,32499.74
TRD000087,F003,A016,2025-08-07,Sell,438,216.64,94888.32,-94888.32
TRD000088,F003,A016,2025-05-25,Sell,42,168.5,7077.0,-7077.0
TRD000089,F003,A016,2025-09-07,Sell,293,171.02,50108.86,-50108.86
TRD000090,F001,A002,2026-01-21,Sell,61,190.13,11597.93,-11597.93
TRD000091,F001,A004,2025-07-03,Sell,51,151.94,7748.94,-7748.94
TRD000092,F005,A005,2026-05-03,Buy,365,138.73,50636.45,50636.45
TRD000093,F004,A018,2026-04-07,Buy,337,99.29,33460.73,33460.73
TRD000094,F003,A001,2026-05-27,Buy,315,254.04,80022.6,80022.6
TRD000095,F002,A018,2025-12-23,Buy,433,115.66,50080.78,50080.78
TRD000096,F004,A018,2025-04-08,Buy,70,122.18,8552.6,8552.6
TRD000097,F004,A020,2025-08-02,Buy,404,169.51,68482.04,68482.04
TRD000098,F004,A018,2026-05-01,Buy,417,95.4,39781.8,39781.8
TRD000099,F003,A001,2025-10-19,Buy,37,293.23,10849.51,10849.51
TRD000100,F005,A003,2026-04-10,Buy,325,444.1,144332.5,144332.5
TRD000101,F001,A007,2025-01-30,Buy,100,159.43,15943.0,15943.0
TRD000102,F002,A017,2026-04-01,Buy,468,163.3,76424.4,76424.4
TRD000103,F006,A018,2025-11-30,Buy,111,114.52,12711.72,12711.72
TRD000104,F002,A019,2026-02-27,Sell,126,291.74,36759.24,-36759.24
TRD000105,F007,A010,2026-05-12,Buy,47,108.78,5112.66,5112.66
TRD000106,F007,A010,2026-04-11,Buy,120,123.82,14858.4,14858.4
TRD000107,F006,A013,2026-01-03,Sell,244,318.91,77814.04,-77814.04
TRD000108,F004,A020,2026-08-06,Buy,75,140.39,10529.25,10529.25
TRD000109,F003,A005,2026-03-05,Buy,446,125.71,56066.66,56066.66
TRD000110,F006,A013,2025-06-10,Sell,463,280.79,130005.77,-130005.77
TRD000111,F003,A013,2026-06-19,Buy,54,291.25,15727.5,15727.5
TRD000112,F004,A020,2025-01-15,Sell,438,161.49,70732.62,-70732.62
TRD000113,F004,A018,2025-08-16,Sell,177,104.52,18500.04,-18500.04
TRD000114,F003,A001,2025-02-11,Sell,223,321.5,71694.5,-71694.5
TRD000115,F001,A004,2025-04-11,Buy,281,172.7,48528.7,48528.7
TRD000116,F004,A018,2026-02-21,Sell,295,114.71,33839.45,-33839.45
TRD000117,F003,A016,2025-04-03,Buy,161,175.25,28215.25,28215.25
TRD000118,F005,A002,2026-08-08,Sell,370,172.72,63906.4,-63906.4
TRD000119,F001,A004,2026-02-20,Buy,247,192.89,47643.83,47643.83
TRD000120,F006,A018,2025-03-14,Buy,370,110.89,41029.3,41029.3
TRD000121,F006,A020,2025-10-04,Buy,26,153.34,3986.84,3986.84
TRD000122,F004,A018,2025-02-26,Buy,327,118.8,38847.6,38847.6
TRD000123,F006,A001,2026-04-22,Buy,66,271.15,17895.9,17895.9
TRD000124,F006,A016,2025-03-10,Buy,99,198.58,19659.42,19659.42
TRD000125,F004,A018,2025-04-27,Buy,181,98.26,17785.06,17785.06
TRD000126,F004,A018,2025-10-01,Buy,174,101.91,17732.34,17732.34
TRD000127,F007,A011,2025-12-20,Buy,37,138.56,5126.72,5126.72
TRD000128,F002,A019,2026-06-30,Sell,373,334.92,124925.16,-124925.16
TRD000129,F008,A019,2025-03-09,Buy,198,361.59,71594.82,71594.82
TRD000130,F008,A016,2025-07-03,Buy,51,183.89,9378.39,9378.39
TRD000131,F002,A017,2025-06-01,Buy,94,165.47,15554.18,15554.18
TRD000132,F004,A018,2026-07-09,Sell,160,103.95,16632.0,-16632.0
TRD000133,F008,A017,2025-01-22,Buy,225,174.4,39240.0,39240.0
TRD000134,F002,A017,2026-06-17,Buy,456,193.46,88217.76,88217.76
TRD000135,F007,A011,2025-12-01,Buy,345,166.44,57421.8,57421.8
TRD000136,F008,A017,2025-11-10,Buy,165,180.97,29860.05,29860.05
TRD000137,F005,A002,2025-10-23,Sell,257,168.14,43211.98,-43211.98
TRD000138,F001,A002,2025-06-20,Buy,190,163.55,31074.5,31074.5
TRD000139,F003,A015,2025-06-07,Buy,103,151.46,15600.38,15600.38
TRD000140,F002,A017,2026-03-28,Buy,172,181.36,31193.92,31193.92
TRD000141,F003,A013,2025-11-21,Sell,297,317.77,94377.69,-94377.69
TRD000142,F003,A016,2025-06-16,Buy,239,192.4,45983.6,45983.6
TRD000143,F002,A017,2025-05-29,Sell,217,200.33,43471.61,-43471.61
TRD000144,F006,A013,2026-07-14,Sell,12,341.38,4096.56,-4096.56
TRD000145,F006,A016,2026-08-11,Buy,252,212.72,53605.44,53605.44
TRD000146,F008,A017,2026-05-06,Sell,362,156.76,56747.12,-56747.12
TRD000147,F003,A005,2025-08-14,Buy,167,108.91,18187.97,18187.97
TRD000148,F002,A019,2025-07-19,Buy,38,342.5,13015.0,13015.0
TRD000149,F004,A020,2026-07-06,Sell,110,139.92,15391.2,-15391.2
TRD000150,F002,A018,2025-11-22,Buy,211,96.85,20435.35,20435.35
TRD000151,F001,A008,2026-03-14,Buy,194,219.49,42581.06,42581.06
TRD000152,F006,A001,2025-11-12,Sell,155,267.95,41532.25,-41532.25
TRD000153,F002,A017,2026-03-02,Sell,382,198.03,75647.46,-75647.46
TRD000154,F005,A002,2026-03-11,Sell,422,186.82,78838.04,-78838.04
TRD000155,F007,A010,2025-03-30,Buy,437,112.6,49206.2,49206.2
TRD000156,F005,A005,2025-12-10,Buy,454,127.98,58102.92,58102.92
TRD000157,F007,A009,2025-10-07,Buy,13,94.42,1227.46,1227.46
TRD000158,F008,A019,2025-05-21,Buy,300,357.14,107142.0,107142.0
TRD000159,F007,A011,2025-11-06,Sell,293,159.0,46587.0,-46587.0
TRD000160,F005,A005,2025-08-18,Buy,296,136.16,40303.36,40303.36
TRD000161,F001,A002,2026-04-29,Buy,144,164.38,23670.72,23670.72
TRD000162,F005,A005,2025-09-08,Buy,101,126.71,12797.71,12797.71
TRD000163,F005,A005,2026-01-06,Buy,44,130.79,5754.76,5754.76
TRD000164,F007,A011,2025-05-03,Buy,331,168.34,55720.54,55720.54
TRD000165,F001,A003,2025-05-30,Buy,93,416.82,38764.26,38764.26
TRD000166,F003,A016,2026-01-05,Buy,93,164.63,15310.59,15310.59
TRD000167,F006,A001,2025-03-20,Buy,158,263.46,41626.68,41626.68
TRD000168,F003,A005,2026-07-11,Buy,316,136.65,43181.4,43181.4
TRD000169,F006,A016,2026-01-07,Buy,148,200.71,29705.08,29705.08
TRD000170,F006,A013,2025-10-16,Buy,16,266.59,4265.44,4265.44
TRD000171,F008,A017,2025-06-16,Buy,184,199.79,36761.36,36761.36
TRD000172,F003,A013,2026-07-27,Buy,435,271.21,117976.35,117976.35
TRD000173,F002,A019,2025-04-30,Sell,245,373.14,91419.3,-91419.3
TRD000174,F001,A004,2026-01-07,Buy,188,168.27,31634.76,31634.76
TRD000175,F008,A019,2025-12-17,Buy,277,357.97,99157.69,99157.69
TRD000176,F005,A001,2025-08-16,Buy,391,307.54,120248.14,120248.14
TRD000177,F003,A013,2025-05-14,Sell,167,265.55,44346.85,-44346.85
TRD000178,F007,A009,2026-05-11,Sell,49,83.05,4069.45,-4069.45
TRD000179,F001,A002,2026-06-10,Buy,65,150.35,9772.75,9772.75
TRD000180,F008,A016,2025-03-09,Buy,475,176.04,83619.0,83619.0
TRD000181,F001,A001,2025-07-30,Buy,410,249.3,102213.0,102213.0
TRD000182,F004,A018,2025-04-03,Buy,353,101.87,35960.11,35960.11
TRD000183,F005,A006,2026-05-28,Sell,188,153.54,28865.52,-28865.52
TRD000184,F004,A018,2025-01-15,Buy,60,116.84,7010.4,7010.4
TRD000185,F004,A020,2026-07-05,Buy,97,182.99,17750.03,17750.03
TRD000186,F002,A017,2026-05-02,Buy,481,177.61,85430.41,85430.41
TRD000187,F003,A020,2025-07-05,Sell,354,185.74,65751.96,-65751.96
TRD000188,F007,A012,2026-02-22,Buy,119,56.34,6704.46,6704.46
TRD000189,F006,A001,2025-05-20,Buy,248,248.17,61546.16,61546.16
TRD000190,F006,A016,2025-03-26,Buy,295,202.8,59826.0,59826.0
TRD000191,F002,A019,2025-11-16,Buy,155,327.46,50756.3,50756.3
TRD000192,F008,A016,2026-03-15,Buy,293,184.84,54158.12,54158.12
TRD000193,F002,A019,2025-07-03,Buy,490,349.57,171289.3,171289.3
TRD000194,F008,A019,2026-06-20,Buy,63,321.43,20250.09,20250.09
TRD000195,F002,A017,2025-04-15,Sell,83,171.79,14258.57,-14258.57
TRD000196,F003,A005,2025-12-13,Buy,196,145.13,28445.48,28445.48
TRD000197,F007,A009,2026-05-27,Buy,129,106.91,13791.39,13791.39
TRD000198,F005,A014,2026-05-03,Buy,492,247.97,122001.24,122001.24
TRD000199,F007,A012,2026-04-11,Buy,271,52.38,14194.98,14194.98
TRD000200,F005,A005,2025-05-18,Buy,264,116.76,30824.64,30824.64
TRD000201,F001,A001,2025-07-03,Buy,265,296.04,78450.6,78450.6
TRD000202,F006,A013,2025-04-09,Sell,165,310.13,51171.45,-51171.45
TRD000203,F008,A017,2026-05-25,Buy,113,166.4,18803.2,18803.2
TRD000204,F005,A006,2026-07-08,Buy,185,175.58,32482.3,32482.3
TRD000205,F001,A004,2026-01-28,Buy,460,200.55,92253.0,92253.0
TRD000206,F007,A012,2025-07-01,Buy,245,48.29,11831.05,11831.05
TRD000207,F005,A014,2025-05-18,Buy,94,254.97,23967.18,23967.18
TRD000208,F007,A012,2026-05-18,Buy,401,49.53,19861.53,19861.53
TRD000209,F008,A017,2026-06-03,Buy,297,196.25,58286.25,58286.25
TRD000210,F005,A005,2025-12-28,Sell,312,144.96,45227.52,-45227.52
TRD000211,F005,A003,2025-02-16,Buy,41,349.26,14319.66,14319.66
TRD000212,F006,A016,2025-01-28,Sell,424,203.94,86470.56,-86470.56
TRD000213,F006,A018,2026-01-01,Buy,59,104.32,6154.88,6154.88
TRD000214,F001,A008,2025-11-16,Buy,135,209.3,28255.5,28255.5
TRD000215,F002,A019,2025-01-21,Buy,68,315.58,21459.44,21459.44
TRD000216,F001,A004,2026-08-05,Buy,346,197.79,68435.34,68435.34
TRD000217,F007,A011,2025-01-23,Sell,20,168.82,3376.4,-3376.4
TRD000218,F007,A012,2026-05-16,Buy,175,57.32,10031.0,10031.0
TRD000219,F004,A020,2025-12-14,Buy,264,163.45,43150.8,43150.8
TRD000220,F005,A003,2025-03-19,Sell,233,370.45,86314.85,-86314.85
TRD000221,F004,A020,2026-08-11,Buy,145,141.14,20465.3,20465.3
TRD000222,F004,A018,2025-04-08,Buy,377,117.63,44346.51,44346.51
TRD000223,F005,A001,2026-05-02,Buy,300,306.41,91923.0,91923.0
TRD000224,F006,A001,2026-06-01,Sell,343,308.31,105750.33,-105750.33
TRD000225,F007,A011,2025-09-15,Buy,112,155.35,17399.2,17399.2
TRD000226,F008,A019,2025-01-20,Buy,400,336.47,134588.0,134588.0
TRD000227,F003,A020,2026-04-24,Buy,119,171.19,20371.61,20371.61
TRD000228,F007,A009,2026-04-19,Buy,277,88.34,24470.18,24470.18
TRD000229,F003,A015,2025-11-23,Sell,442,130.06,57486.52,-57486.52
TRD000230,F002,A018,2025-10-01,Sell,114,117.69,13416.66,-13416.66
TRD000231,F003,A015,2026-02-20,Buy,361,136.66,49334.26,49334.26
TRD000232,F003,A013,2025-11-14,Buy,24,276.35,6632.4,6632.4
TRD000233,F007,A012,2025-07-26,Buy,341,62.93,21459.13,21459.13
TRD000234,F003,A001,2025-10-12,Buy,142,305.44,43372.48,43372.48
TRD000235,F003,A001,2025-01-21,Buy,379,279.83,106055.57,106055.57
TRD000236,F002,A019,2025-03-07,Sell,318,311.63,99098.34,-99098.34
TRD000237,F007,A011,2025-04-03,Buy,353,166.98,58943.94,58943.94
TRD000238,F003,A013,2026-05-28,Sell,67,305.55,20471.85,-20471.85
TRD000239,F005,A005,2025-05-06,Sell,462,111.41,51471.42,-51471.42
TRD000240,F006,A016,2026-02-04,Sell,436,194.94,84993.84,-84993.84
TRD000241,F004,A020,2025-06-29,Buy,121,145.88,17651.48,17651.48
TRD000242,F005,A005,2025-02-27,Buy,219,117.66,25767.54,25767.54
TRD000243,F006,A001,2026-05-02,Buy,172,284.88,48999.36,48999.36
TRD000244,F005,A002,2026-01-12,Sell,195,173.56,33844.2,-33844.2
TRD000245,F001,A008,2025-02-25,Buy,473,233.64,110511.72,110511.72
TRD000246,F004,A020,2026-01-07,Sell,292,157.66,46036.72,-46036.72
TRD000247,F002,A018,2026-03-30,Buy,453,98.19,44480.07,44480.07
TRD000248,F007,A011,2025-08-30,Buy,164,139.85,22935.4,22935.4
TRD000249,F003,A020,2026-02-21,Sell,333,154.35,51398.55,-51398.55
TRD000250,F005,A001,2026-05-19,Buy,431,304.58,131273.98,131273.98
TRD000251,F007,A011,2025-04-13,Sell,377,155.74,58713.98,-58713.98
TRD000252,F005,A006,2026-07-15,Sell,43,153.52,6601.36,-6601.36
TRD000253,F008,A019,2025-07-08,Buy,24,357.81,8587.44,8587.44
TRD000254,F003,A001,2025-11-09,Buy,215,255.73,54981.95,54981.95
TRD000255,F002,A017,2025-05-14,Sell,90,164.06,14765.4,-14765.4
TRD000256,F007,A011,2025-05-17,Buy,241,158.42,38179.22,38179.22
TRD000257,F006,A016,2026-01-12,Buy,111,166.42,18472.62,18472.62
TRD000258,F007,A010,2026-07-26,Buy,20,124.48,2489.6,2489.6
TRD000259,F004,A018,2025-06-22,Buy,246,96.97,23854.62,23854.62
TRD000260,F007,A011,2026-01-12,Buy,86,139.79,12021.94,12021.94
TRD000261,F002,A017,2026-04-10,Sell,377,178.77,67396.29,-67396.29
TRD000262,F008,A016,2025-07-15,Sell,124,202.31,25086.44,-25086.44
TRD000263,F005,A003,2025-05-14,Buy,392,406.14,159206.88,159206.88
TRD000264,F004,A018,2025-07-13,Buy,431,99.68,42962.08,42962.08
TRD000265,F007,A010,2025-09-26,Buy,24,102.82,2467.68,2467.68
TRD000266,F008,A016,2026-04-15,Buy,199,194.86,38777.14,38777.14
TRD000267,F008,A016,2026-02-12,Buy,456,180.05,82102.8,82102.8
TRD000268,F007,A012,2025-03-16,Buy,386,57.74,22287.64,22287.64
TRD000269,F001,A001,2026-04-28,Sell,180,317.36,57124.8,-57124.8
TRD000270,F001,A001,2026-01-26,Buy,139,281.4,39114.6,39114.6
TRD000271,F007,A011,2026-07-27,Buy,77,181.84,14001.68,14001.68
TRD000272,F003,A015,2025-12-14,Sell,96,132.78,12746.88,-12746.88
TRD000273,F003,A005,2026-03-20,Buy,172,135.03,23225.16,23225.16
TRD000274,F002,A019,2026-05-27,Sell,32,379.36,12139.52,-12139.52
TRD000275,F005,A014,2025-10-17,Sell,194,288.31,55932.14,-55932.14
TRD000276,F005,A006,2025-09-28,Buy,434,173.27,75199.18,75199.18
TRD000277,F007,A010,2026-05-19,Sell,171,117.53,20097.63,-20097.63
TRD000278,F003,A020,2025-02-25,Buy,37,148.07,5478.59,5478.59
TRD000279,F001,A004,2026-04-24,Buy,143,160.35,22930.05,22930.05
TRD000280,F008,A016,2026-07-29,Buy,236,181.95,42940.2,42940.2
TRD000281,F008,A016,2025-06-01,Buy,443,202.67,89782.81,89782.81
TRD000282,F002,A017,2025-06-22,Sell,454,165.9,75318.6,-75318.6
TRD000283,F005,A006,2025-08-06,Buy,466,168.52,78530.32,78530.32
TRD000284,F001,A007,2026-03-03,Sell,402,181.43,72934.86,-72934.86
TRD000285,F004,A020,2025-12-03,Buy,356,143.43,51061.08,51061.08
TRD000286,F002,A019,2025-04-19,Sell,201,340.73,68486.73,-68486.73
TRD000287,F003,A001,2026-05-07,Buy,51,277.67,14161.17,14161.17
TRD000288,F005,A006,2025-02-14,Buy,346,136.84,47346.64,47346.64
TRD000289,F008,A017,2026-08-06,Buy,495,189.71,93906.45,93906.45
TRD000290,F001,A008,2025-02-26,Sell,154,214.44,33023.76,-33023.76
TRD000291,F007,A009,2025-09-03,Sell,214,89.93,19245.02,-19245.02
TRD000292,F007,A009,2025-06-16,Buy,20,107.32,2146.4,2146.4
TRD000293,F007,A011,2025-06-07,Buy,341,171.53,58491.73,58491.73
TRD000294,F008,A017,2025-11-14,Sell,386,193.69,74764.34,-74764.34
TRD000295,F003,A016,2026-01-12,Buy,350,167.09,58481.5,58481.5
TRD000296,F008,A017,2025-10-02,Buy,463,171.43,79372.09,79372.09
TRD000297,F007,A009,2026-01-13,Buy,397,94.8,37635.6,37635.6
TRD000298,F007,A012,2025-12-16,Sell,57,48.37,2757.09,-2757.09
TRD000299,F004,A018,2026-06-22,Buy,486,106.47,51744.42,51744.42
TRD000300,F008,A017,2026-05-05,Buy,50,199.06,9953.0,9953.0
TRD000301,F003,A015,2026-03-14,Buy,440,122.63,53957.2,53957.2
TRD000302,F001,A007,2026-06-10,Buy,49,199.9,9795.1,9795.1
TRD000303,F007,A012,2026-08-06,Sell,58,55.51,3219.58,-3219.58
TRD000304,F006,A016,2026-05-31,Buy,309,166.27,51377.43,51377.43
TRD000305,F008,A016,2026-02-07,Buy,412,172.0,70864.0,70864.0
TRD000306,F007,A011,2026-04-11,Sell,170,163.62,27815.4,-27815.4
TRD000307,F008,A019,2025-07-11,Buy,423,308.36,130436.28,130436.28
TRD000308,F002,A018,2025-04-19,Buy,319,98.92,31555.48,31555.48
TRD000309,F001,A001,2025-06-25,Buy,212,248.7,52724.4,52724.4
TRD000310,F008,A019,2026-05-14,Buy,217,368.44,79951.48,79951.48
TRD000311,F006,A018,2025-05-09,Buy,421,100.31,42230.51,42230.51
TRD000312,F004,A018,2025-07-12,Sell,427,91.14,38916.78,-38916.78
TRD000313,F004,A020,2025-09-05,Buy,342,145.93,49908.06,49908.06
TRD000314,F004,A018,2025-06-01,Buy,164,115.25,18901.0,18901.0
TRD000315,F001,A001,2026-04-01,Sell,95,314.95,29920.25,-29920.25
TRD000316,F008,A016,2025-09-06,Buy,450,187.25,84262.5,84262.5
TRD000317,F007,A009,2026-03-19,Sell,180,82.73,14891.4,-14891.4
TRD000318,F008,A019,2026-07-22,Sell,306,341.28,104431.68,-104431.68
TRD000319,F001,A004,2026-05-15,Buy,214,177.61,38008.54,38008.54
TRD000320,F001,A007,2025-11-20,Buy,19,173.5,3296.5,3296.5
TRD000321,F005,A014,2025-04-30,Buy,223,285.46,63657.58,63657.58
TRD000322,F006,A018,2025-06-15,Buy,367,104.58,38380.86,38380.86
TRD000323,F004,A020,2026-06-04,Buy,186,160.28,29812.08,29812.08
TRD000324,F006,A020,2026-04-25,Buy,446,180.09,80320.14,80320.14
TRD000325,F005,A014,2026-03-03,Sell,374,247.21,92456.54,-92456.54
TRD000326,F006,A018,2025-06-15,Buy,419,121.68,50983.92,50983.92
TRD000327,F005,A014,2026-05-10,Buy,393,223.89,87988.77,87988.77
TRD000328,F004,A018,2026-03-02,Sell,320,106.37,34038.4,-34038.4
TRD000329,F008,A017,2025-02-18,Sell,130,161.93,21050.9,-21050.9
TRD000330,F006,A016,2025-06-28,Sell,192,200.22,38442.24,-38442.24
TRD000331,F001,A001,2025-08-21,Buy,182,275.17,50080.94,50080.94
TRD000332,F004,A020,2025-12-30,Sell,142,187.5,26625.0,-26625.0
TRD000333,F005,A002,2026-06-12,Buy,446,184.83,82434.18,82434.18
TRD000334,F002,A018,2026-03-25,Sell,35,120.27,4209.45,-4209.45
TRD000335,F002,A017,2025-04-15,Sell,410,183.27,75140.7,-75140.7
TRD000336,F001,A007,2025-05-01,Sell,63,159.91,10074.33,-10074.33
TRD000337,F006,A013,2026-03-29,Sell,382,280.52,107158.64,-107158.64
TRD000338,F008,A019,2026-01-08,Buy,455,291.86,132796.3,132796.3
TRD000339,F003,A005,2026-03-02,Sell,444,115.66,51353.04,-51353.04
TRD000340,F001,A002,2025-12-16,Buy,437,191.08,83501.96,83501.96
TRD000341,F003,A005,2026-03-01,Buy,146,122.16,17835.36,17835.36
TRD000342,F004,A018,2026-03-08,Sell,395,114.73,45318.35,-45318.35
TRD000343,F003,A018,2026-04-15,Sell,221,119.99,26517.79,-26517.79
TRD000344,F006,A001,2025-01-11,Sell,236,251.14,59269.04,-59269.04
TRD000345,F002,A017,2025-06-18,Buy,183,167.53,30657.99,30657.99
TRD000346,F007,A009,2025-06-04,Sell,348,109.36,38057.28,-38057.28
TRD000347,F001,A008,2026-06-17,Sell,375,246.77,92538.75,-92538.75
TRD000348,F007,A012,2026-07-21,Sell,463,59.14,27381.82,-27381.82
TRD000349,F006,A016,2026-06-25,Buy,14,208.78,2922.92,2922.92
TRD000350,F003,A018,2026-07-12,Buy,238,111.22,26470.36,26470.36
TRD000351,F008,A019,2026-02-19,Sell,186,370.32,68879.52,-68879.52
TRD000352,F005,A001,2026-02-04,Sell,28,284.18,7957.04,-7957.04
TRD000353,F003,A015,2026-07-20,Buy,119,116.43,13855.17,13855.17
TRD000354,F006,A013,2026-07-07,Buy,21,256.81,5393.01,5393.01
TRD000355,F004,A020,2026-06-02,Buy,381,159.53,60780.93,60780.93
TRD000356,F001,A003,2025-12-29,Buy,142,422.35,59973.7,59973.7
TRD000357,F002,A019,2025-01-06,Buy,162,338.95,54909.9,54909.9
TRD000358,F004,A018,2026-08-10,Buy,189,100.2,18937.8,18937.8
TRD000359,F007,A010,2026-08-20,Buy,63,104.06,6555.78,6555.78
TRD000360,F006,A018,2026-03-12,Sell,60,95.31,5718.6,-5718.6
TRD000361,F002,A017,2025-05-14,Buy,41,173.39,7108.99,7108.99
TRD000362,F008,A016,2026-02-17,Buy,199,200.22,39843.78,39843.78
TRD000363,F007,A011,2026-03-10,Sell,309,159.39,49251.51,-49251.51
TRD000364,F008,A019,2025-05-28,Buy,223,363.97,81165.31,81165.31
TRD000365,F008,A019,2026-06-10,Sell,244,294.86,71945.84,-71945.84
TRD000366,F002,A018,2025-02-03,Sell,118,105.19,12412.42,-12412.42
TRD000367,F006,A001,2025-04-23,Buy,318,310.72,98808.96,98808.96
TRD000368,F005,A001,2026-01-16,Buy,277,251.79,69745.83,69745.83
TRD000369,F006,A016,2025-05-27,Buy,160,189.33,30292.8,30292.8
TRD000370,F007,A009,2025-10-18,Buy,489,108.54,53076.06,53076.06
TRD000371,F008,A016,2025-03-11,Sell,72,192.84,13884.48,-13884.48
TRD000372,F007,A012,2026-04-09,Sell,303,52.9,16028.7,-16028.7
TRD000373,F007,A012,2025-05-16,Sell,437,59.8,26132.6,-26132.6
TRD000374,F008,A017,2025-11-30,Buy,351,174.68,61312.68,61312.68
TRD000375,F007,A012,2025-12-14,Buy,129,62.84,8106.36,8106.36
TRD000376,F008,A019,2025-06-19,Sell,152,346.26,52631.52,-52631.52
TRD000377,F005,A006,2026-07-27,Buy,340,142.53,48460.2,48460.2
TRD000378,F001,A007,2026-05-03,Buy,277,161.11,44627.47,44627.47
TRD000379,F001,A001,2025-07-04,Sell,347,317.79,110273.13,-110273.13
TRD000380,F005,A002,2026-08-17,Buy,135,192.15,25940.25,25940.25
TRD000381,F006,A018,2025-01-24,Buy,311,92.07,28633.77,28633.77
TRD000382,F003,A018,2025-11-21,Buy,22,118.12,2598.64,2598.64
TRD000383,F002,A017,2025-10-20,Buy,60,179.61,10776.6,10776.6
TRD000384,F005,A001,2026-02-22,Buy,88,264.73,23296.24,23296.24
TRD000385,F001,A007,2025-03-01,Buy,176,160.68,28279.68,28279.68
TRD000386,F002,A019,2025-11-28,Buy,82,323.06,26490.92,26490.92
TRD000387,F002,A017,2025-08-31,Buy,113,163.53,18478.89,18478.89
TRD000388,F007,A009,2026-04-21,Buy,147,84.27,12387.69,12387.69
TRD000389,F002,A019,2025-08-28,Sell,24,322.53,7740.72,-7740.72
TRD000390,F001,A003,2025-04-14,Buy,293,463.42,135782.06,135782.06
TRD000391,F003,A015,2025-03-27,Sell,300,128.92,38676.0,-38676.0
TRD000392,F004,A018,2025-06-22,Sell,201,107.91,21689.91,-21689.91
TRD000393,F007,A012,2026-04-21,Sell,31,47.7,1478.7,-1478.7
TRD000394,F005,A014,2026-05-09,Buy,95,217.32,20645.4,20645.4
TRD000395,F005,A014,2025-08-06,Buy,204,293.9,59955.6,59955.6
TRD000396,F005,A001,2026-07-31,Buy,92,301.18,27708.56,27708.56
TRD000397,F002,A019,2025-05-24,Sell,367,294.22,107978.74,-107978.74
TRD000398,F005,A005,2025-11-22,Sell,117,131.23,15353.91,-15353.91
TRD000399,F006,A016,2025-10-07,Buy,395,201.98,79782.1,79782.1
TRD000400,F006,A016,2025-12-03,Buy,117,187.84,21977.28,21977.28
TRD000401,F003,A001,2025-01-10,Buy,321,279.04,89571.84,89571.84
TRD000402,F007,A012,2025-03-25,Sell,400,54.3,21720.0,-21720.0
TRD000403,F002,A018,2026-04-01,Buy,25,119.18,2979.5,2979.5
TRD000404,F006,A018,2026-02-01,Buy,433,109.86,47569.38,47569.38
TRD000405,F001,A001,2025-07-17,Buy,246,270.1,66444.6,66444.6
TRD000406,F004,A018,2026-01-02,Buy,398,99.62,39648.76,39648.76
TRD000407,F005,A014,2026-05-21,Sell,123,235.24,28934.52,-28934.52
TRD000408,F001,A003,2025-08-03,Buy,262,456.22,119529.64,119529.64
TRD000409,F007,A009,2026-05-28,Buy,455,90.58,41213.9,41213.9
TRD000410,F004,A018,2025-03-08,Buy,43,109.44,4705.92,4705.92
TRD000411,F004,A020,2025-01-24,Sell,108,180.34,19476.72,-19476.72
TRD000412,F005,A014,2025-01-03,Sell,296,285.0,84360.0,-84360.0
TRD000413,F001,A003,2026-02-21,Buy,231,448.88,103691.28,103691.28
TRD000414,F008,A017,2025-02-14,Sell,195,178.31,34770.45,-34770.45
TRD000415,F004,A018,2026-06-30,Buy,152,120.0,18240.0,18240.0
TRD000416,F001,A004,2026-08-09,Sell,109,169.51,18476.59,-18476.59
TRD000417,F004,A020,2025-09-13,Buy,500,142.46,71230.0,71230.0
TRD000418,F006,A016,2025-04-10,Buy,42,197.32,8287.44,8287.44
TRD000419,F007,A009,2025-12-09,Sell,313,105.71,33087.23,-33087.23
TRD000420,F004,A018,2025-12-15,Sell,252,98.25,24759.0,-24759.0
TRD000421,F006,A020,2025-03-16,Sell,416,150.41,62570.56,-62570.56
TRD000422,F008,A016,2025-05-08,Buy,330,187.08,61736.4,61736.4
TRD000423,F001,A001,2025-03-08,Sell,203,265.28,53851.84,-53851.84
TRD000424,F001,A004,2026-03-19,Buy,38,167.73,6373.74,6373.74
TRD000425,F001,A007,2026-01-26,Buy,36,166.73,6002.28,6002.28
TRD000426,F007,A010,2025-01-11,Buy,452,113.01,51080.52,51080.52
TRD000427,F008,A017,2025-04-14,Buy,460,183.79,84543.4,84543.4
TRD000428,F001,A004,2025-07-17,Buy,274,169.16,46349.84,46349.84
TRD000429,F001,A007,2025-07-18,Sell,375,154.61,57978.75,-57978.75
TRD000430,F003,A015,2026-04-01,Buy,191,129.49,24732.59,24732.59
TRD000431,F003,A001,2026-03-23,Buy,40,249.63,9985.2,9985.2
TRD000432,F006,A016,2025-05-30,Buy,308,212.1,65326.8,65326.8
TRD000433,F005,A006,2025-01-09,Buy,185,150.59,27859.15,27859.15
TRD000434,F003,A001,2026-07-27,Sell,131,281.62,36892.22,-36892.22
TRD000435,F007,A011,2025-07-26,Sell,110,182.24,20046.4,-20046.4
TRD000436,F006,A013,2026-04-24,Buy,351,297.0,104247.0,104247.0
TRD000437,F006,A020,2025-11-03,Buy,299,186.0,55614.0,55614.0
TRD000438,F003,A005,2025-02-13,Buy,242,141.35,34206.7,34206.7
TRD000439,F001,A008,2026-04-23,Buy,124,239.58,29707.92,29707.92
TRD000440,F004,A020,2025-12-06,Sell,386,176.46,68113.56,-68113.56
TRD000441,F007,A010,2025-01-07,Buy,214,99.34,21258.76,21258.76
TRD000442,F002,A019,2025-05-26,Buy,25,337.18,8429.5,8429.5
TRD000443,F004,A020,2025-07-23,Buy,32,186.6,5971.2,5971.2
TRD000444,F003,A013,2025-06-28,Buy,463,277.82,128630.66,128630.66
TRD000445,F004,A018,2025-09-26,Sell,110,91.31,10044.1,-10044.1
TRD000446,F001,A008,2025-04-24,Buy,80,218.22,17457.6,17457.6
TRD000447,F004,A020,2026-01-17,Buy,243,150.58,36590.94,36590.94
TRD000448,F007,A009,2025-05-14,Sell,70,86.71,6069.7,-6069.7
TRD000449,F004,A020,2026-03-16,Sell,365,157.15,57359.75,-57359.75
TRD000450,F004,A018,2025-07-13,Sell,400,110.33,44132.0,-44132.0
TRD000451,F005,A002,2025-10-14,Sell,177,161.6,28603.2,-28603.2
TRD000452,F008,A016,2026-04-27,Sell,382,166.25,63507.5,-63507.5
TRD000453,F002,A017,2026-06-06,Buy,270,171.44,46288.8,46288.8
TRD000454,F008,A016,2026-06-23,Buy,174,202.25,35191.5,35191.5
TRD000455,F008,A017,2025-02-07,Buy,147,181.71,26711.37,26711.37
TRD000456,F004,A020,2025-08-12,Buy,451,150.3,67785.3,67785.3
TRD000457,F007,A010,2025-09-18,Buy,488,121.0,59048.0,59048.0
TRD000458,F003,A005,2025-12-27,Buy,161,124.91,20110.51,20110.51
TRD000459,F001,A004,2026-03-13,Buy,272,184.83,50273.76,50273.76
TRD000460,F007,A012,2025-11-21,Buy,198,61.22,12121.56,12121.56
TRD000461,F001,A002,2025-03-19,Buy,236,160.9,37972.4,37972.4
TRD000462,F002,A019,2026-07-14,Buy,441,331.92,146376.72,146376.72
TRD000463,F005,A002,2026-01-04,Buy,60,154.85,9291.0,9291.0
TRD000464,F004,A020,2025-09-14,Buy,110,171.89,18907.9,18907.9
TRD000465,F005,A002,2025-05-22,Sell,371,180.32,66898.72,-66898.72
TRD000466,F005,A001,2025-12-21,Sell,404,264.11,106700.44,-106700.44
TRD000467,F007,A012,2025-01-13,Buy,430,57.45,24703.5,24703.5
TRD000468,F003,A018,2025-08-03,Buy,126,97.89,12334.14,12334.14
TRD000469,F008,A019,2025-03-29,Buy,426,327.9,139685.4,139685.4
TRD000470,F004,A020,2026-03-04,Buy,404,184.96,74723.84,74723.84
TRD000471,F008,A019,2026-08-15,Sell,25,319.27,7981.75,-7981.75
TRD000472,F005,A014,2025-12-30,Buy,14,255.6,3578.4,3578.4
TRD000473,F007,A012,2026-07-05,Buy,361,60.35,21786.35,21786.35
TRD000474,F001,A007,2025-05-23,Buy,412,152.73,62924.76,62924.76
TRD000475,F006,A020,2026-08-11,Sell,332,177.97,59086.04,-59086.04
TRD000476,F007,A010,2026-07-02,Buy,495,106.13,52534.35,52534.35
TRD000477,F008,A016,2026-04-08,Buy,178,194.1,34549.8,34549.8
TRD000478,F005,A001,2026-07-21,Buy,97,247.66,24023.02,24023.02
TRD000479,F008,A016,2026-01-31,Buy,105,172.96,18160.8,18160.8
TRD000480,F004,A020,2026-04-11,Buy,347,164.51,57084.97,57084.97
TRD000481,F001,A002,2026-02-25,Buy,177,193.73,34290.21,34290.21
TRD000482,F002,A017,2025-03-12,Buy,284,173.05,49146.2,49146.2
TRD000483,F004,A018,2026-03-19,Sell,455,97.21,44230.55,-44230.55
TRD000484,F008,A016,2025-11-14,Buy,319,194.41,62016.79,62016.79
TRD000485,F008,A017,2025-05-27,Buy,113,151.18,17083.34,17083.34
TRD000486,F007,A010,2026-08-06,Sell,279,104.1,29043.9,-29043.9
TRD000487,F008,A017,2025-04-04,Buy,304,152.86,46469.44,46469.44
TRD000488,F008,A017,2025-11-01,Buy,368,195.62,71988.16,71988.16
TRD000489,F003,A018,2026-03-19,Buy,137,96.37,13202.69,13202.69
TRD000490,F003,A005,2025-02-14,Buy,211,134.59,28398.49,28398.49
TRD000491,F003,A015,2025-10-26,Buy,461,137.73,63493.53,63493.53
TRD000492,F002,A018,2025-08-11,Sell,381,113.73,43331.13,-43331.13
TRD000493,F007,A009,2025-04-18,Buy,198,84.73,16776.54,16776.54
TRD000494,F006,A018,2025-08-01,Buy,240,95.9,23016.0,23016.0
TRD000495,F008,A016,2026-04-18,Buy,47,198.05,9308.35,9308.35
TRD000496,F007,A010,2025-09-14,Buy,213,94.51,20130.63,20130.63
TRD000497,F003,A016,2026-05-12,Buy,353,204.31,72121.43,72121.43
TRD000498,F002,A018,2026-03-25,Buy,346,98.38,34039.48,34039.48
TRD000499,F005,A002,2025-04-13,Buy,97,192.62,18684.14,18684.14
TRD000500,F002,A018,2025-03-21,Buy,389,103.13,40117.57,40117.57
TRD000501,F001,A008,2026-01-02,Buy,149,202.91,30233.59,30233.59
TRD000502,F001,A008,2025-02-18,Sell,282,207.17,58421.94,-58421.94
TRD000503,F002,A019,2025-02-23,Buy,363,312.66,113495.58,113495.58
TRD000504,F001,A004,2025-09-13,Buy,402,162.39,65280.78,65280.78
TRD000505,F004,A018,2025-01-29,Sell,56,91.14,5103.84,-5103.84
TRD000506,F006,A013,2025-08-14,Sell,358,314.34,112533.72,-112533.72
TRD000507,F002,A018,2025-02-15,Buy,95,113.79,10810.05,10810.05
TRD000508,F002,A019,2025-07-14,Buy,175,337.92,59136.0,59136.0
TRD000509,F007,A012,2025-04-19,Buy,71,51.6,3663.6,3663.6
TRD000510,F003,A001,2025-01-13,Buy,215,294.0,63210.0,63210.0
TRD000511,F008,A016,2025-10-13,Buy,43,199.14,8563.02,8563.02
TRD000512,F006,A001,2026-02-25,Buy,44,313.52,13794.88,13794.88
TRD000513,F008,A016,2026-08-06,Buy,374,192.19,71879.06,71879.06
TRD000514,F002,A018,2026-02-02,Buy,176,122.02,21475.52,21475.52
TRD000515,F003,A016,2025-11-22,Sell,99,197.85,19587.15,-19587.15
TRD000516,F008,A016,2026-04-05,Buy,181,162.62,29434.22,29434.22
TRD000517,F004,A018,2025-05-08,Buy,129,91.31,11778.99,11778.99
TRD000518,F007,A010,2025-05-21,Buy,327,95.88,31352.76,31352.76
TRD000519,F005,A002,2025-02-08,Buy,87,168.34,14645.58,14645.58
TRD000520,F008,A019,2025-10-12,Buy,459,314.69,144442.71,144442.71
TRD000521,F001,A007,2025-10-23,Sell,415,203.11,84290.65,-84290.65
TRD000522,F004,A020,2026-07-07,Buy,185,150.68,27875.8,27875.8
TRD000523,F004,A018,2026-06-18,Buy,321,118.54,38051.34,38051.34
TRD000524,F008,A019,2026-05-19,Buy,13,288.41,3749.33,3749.33
TRD000525,F004,A018,2025-07-29,Buy,334,122.36,40868.24,40868.24
TRD000526,F003,A013,2026-03-13,Sell,130,299.85,38980.5,-38980.5
TRD000527,F005,A002,2026-03-11,Buy,379,158.99,60257.21,60257.21
TRD000528,F004,A020,2025-07-26,Buy,156,167.05,26059.8,26059.8
TRD000529,F008,A016,2026-02-12,Buy,496,217.08,107671.68,107671.68
TRD000530,F008,A017,2026-03-20,Sell,226,177.67,40153.42,-40153.42
TRD000531,F008,A016,2025-03-27,Sell,400,183.37,73348.0,-73348.0
TRD000532,F005,A006,2025-06-29,Buy,285,143.93,41020.05,41020.05
TRD000533,F008,A017,2026-07-30,Buy,242,165.85,40135.7,40135.7
TRD000534,F002,A019,2025-07-20,Buy,79,353.12,27896.48,27896.48
TRD000535,F004,A018,2026-01-19,Buy,16,118.19,1891.04,1891.04
TRD000536,F007,A012,2026-05-17,Buy,390,53.97,21048.3,21048.3
TRD000537,F002,A019,2025-05-08,Buy,463,285.84,132343.92,132343.92
TRD000538,F003,A013,2025-09-19,Sell,400,293.46,117384.0,-117384.0
TRD000539,F006,A020,2026-01-13,Buy,373,162.75,60705.75,60705.75
TRD000540,F007,A012,2026-05-05,Buy,386,51.84,20010.24,20010.24
TRD000541,F006,A001,2025-06-01,Buy,367,294.99,108261.33,108261.33
TRD000542,F008,A019,2026-08-16,Sell,85,307.29,26119.65,-26119.65
TRD000543,F003,A001,2026-01-29,Buy,69,303.86,20966.34,20966.34
TRD000544,F002,A018,2026-03-10,Buy,475,96.67,45918.25,45918.25
TRD000545,F007,A011,2026-06-30,Buy,364,149.99,54596.36,54596.36
TRD000546,F007,A011,2025-04-02,Buy,385,155.22,59759.7,59759.7
TRD000547,F006,A013,2026-02-12,Buy,147,321.5,47260.5,47260.5
TRD000548,F001,A002,2025-04-10,Buy,427,174.43,74481.61,74481.61
TRD000549,F007,A012,2026-03-18,Buy,345,52.54,18126.3,18126.3
TRD000550,F006,A013,2026-05-14,Buy,370,266.36,98553.2,98553.2
TRD000551,F002,A019,2025-07-10,Buy,300,363.03,108909.0,108909.0
TRD000552,F003,A013,2026-02-23,Buy,142,342.53,48639.26,48639.26
TRD000553,F002,A018,2025-03-29,Buy,95,93.18,8852.1,8852.1
TRD000554,F005,A001,2025-08-29,Buy,185,241.37,44653.45,44653.45
TRD000555,F002,A017,2025-01-08,Buy,41,164.94,6762.54,6762.54
TRD000556,F001,A001,2025-01-08,Buy,118,282.9,33382.2,33382.2
TRD000557,F005,A005,2026-03-16,Buy,252,136.81,34476.12,34476.12
TRD000558,F006,A016,2026-01-05,Buy,428,175.28,75019.84,75019.84
TRD000559,F007,A009,2025-04-13,Buy,192,107.92,20720.64,20720.64
TRD000560,F007,A010,2026-06-28,Buy,23,113.08,2600.84,2600.84
TRD000561,F004,A020,2026-05-02,Buy,241,169.11,40755.51,40755.51
TRD000562,F004,A018,2025-11-26,Buy,336,121.26,40743.36,40743.36
TRD000563,F006,A001,2026-03-31,Buy,423,300.9,127280.7,127280.7
TRD000564,F008,A017,2025-03-25,Buy,388,183.38,71151.44,71151.44
TRD000565,F008,A019,2025-04-13,Sell,448,351.59,157512.32,-157512.32
TRD000566,F005,A006,2026-06-17,Sell,109,170.88,18625.92,-18625.92
TRD000567,F001,A002,2025-11-05,Sell,264,190.43,50273.52,-50273.52
TRD000568,F008,A016,2025-04-29,Buy,468,187.07,87548.76,87548.76
TRD000569,F004,A018,2025-04-02,Buy,118,96.08,11337.44,11337.44
TRD000570,F001,A002,2026-01-28,Sell,485,197.36,95719.6,-95719.6
TRD000571,F004,A020,2025-05-07,Buy,350,162.15,56752.5,56752.5
TRD000572,F008,A016,2025-08-18,Sell,417,201.07,83846.19,-83846.19
TRD000573,F002,A018,2026-01-26,Buy,185,102.69,18997.65,18997.65
TRD000574,F007,A010,2025-10-25,Buy,124,101.8,12623.2,12623.2
TRD000575,F002,A019,2025-07-12,Sell,389,340.92,132617.88,-132617.88
TRD000576,F002,A018,2025-11-17,Sell,198,94.7,18750.6,-18750.6
TRD000577,F001,A003,2025-07-14,Sell,41,417.84,17131.44,-17131.44
TRD000578,F007,A011,2025-05-10,Buy,404,152.99,61807.96,61807.96
TRD000579,F004,A018,2026-04-17,Buy,212,90.92,19275.04,19275.04
TRD000580,F005,A002,2025-05-31,Buy,265,184.3,48839.5,48839.5
TRD000581,F003,A001,2026-05-30,Sell,316,265.86,84011.76,-84011.76
TRD000582,F002,A019,2026-05-05,Buy,444,352.29,156416.76,156416.76
TRD000583,F004,A020,2026-01-21,Buy,159,173.31,27556.29,27556.29
TRD000584,F006,A013,2025-08-19,Sell,433,318.64,137971.12,-137971.12
TRD000585,F001,A002,2026-02-06,Buy,448,174.2,78041.6,78041.6
TRD000586,F003,A001,2026-03-09,Buy,290,271.94,78862.6,78862.6
TRD000587,F006,A018,2025-10-17,Buy,210,92.92,19513.2,19513.2
TRD000588,F004,A020,2026-08-18,Sell,59,145.23,8568.57,-8568.57
TRD000589,F001,A008,2025-06-17,Buy,165,223.56,36887.4,36887.4
TRD000590,F008,A019,2025-05-29,Buy,257,310.95,79914.15,79914.15
TRD000591,F004,A018,2026-08-13,Buy,195,113.85,22200.75,22200.75
TRD000592,F003,A018,2025-06-22,Sell,496,122.06,60541.76,-60541.76
TRD000593,F002,A019,2025-02-23,Buy,252,299.86,75564.72,75564.72
TRD000594,F006,A020,2026-02-18,Buy,232,186.32,43226.24,43226.24
TRD000595,F002,A017,2025-06-26,Buy,213,176.78,37654.14,37654.14
TRD000596,F007,A009,2026-01-27,Buy,408,96.0,39168.0,39168.0
TRD000597,F008,A017,2025-03-26,Buy,15,157.17,2357.55,2357.55
TRD000598,F004,A018,2026-08-10,Buy,310,108.95,33774.5,33774.5
TRD000599,F002,A018,2026-03-21,Buy,102,102.91,10496.82,10496.82
TRD000600,F003,A005,2026-07-05,Buy,176,110.39,19428.64,19428.64
TRD000601,F001,A004,2026-06-27,Buy,294,195.34,57429.96,57429.96
TRD000602,F002,A017,2025-07-05,Sell,347,198.55,68896.85,-68896.85
TRD000603,F003,A001,2025-11-18,Buy,294,276.57,81311.58,81311.58
TRD000604,F003,A013,2026-07-30,Buy,344,268.77,92456.88,92456.88
TRD000605,F001,A001,2026-01-08,Sell,73,281.54,20552.42,-20552.42
TRD000606,F003,A018,2025-09-12,Buy,493,111.68,55058.24,55058.24
TRD000607,F005,A014,2026-08-14,Buy,283,251.4,71146.2,71146.2
TRD000608,F006,A020,2025-12-27,Buy,476,187.12,89069.12,89069.12
TRD000609,F004,A018,2025-08-31,Buy,349,116.85,40780.65,40780.65
TRD000610,F003,A015,2025-05-18,Buy,448,145.86,65345.28,65345.28
TRD000611,F004,A020,2026-03-09,Buy,152,145.11,22056.72,22056.72
TRD000612,F005,A003,2025-06-17,Buy,205,425.13,87151.65,87151.65
TRD000613,F002,A019,2025-05-27,Buy,356,324.31,115454.36,115454.36
TRD000614,F002,A018,2025-07-17,Sell,385,99.24,38207.4,-38207.4
TRD000615,F003,A018,2026-03-21,Buy,430,95.54,41082.2,41082.2
TRD000616,F004,A018,2025-04-23,Buy,148,94.61,14002.28,14002.28
TRD000617,F007,A009,2026-01-07,Sell,178,101.14,18002.92,-18002.92
TRD000618,F005,A002,2025-10-08,Buy,454,190.5,86487.0,86487.0
TRD000619,F007,A010,2025-05-07,Buy,203,124.6,25293.8,25293.8
TRD000620,F005,A006,2025-04-08,Buy,430,175.45,75443.5,75443.5
TRD000621,F005,A006,2025-02-19,Buy,148,165.84,24544.32,24544.32
TRD000622,F007,A010,2026-06-29,Buy,186,119.81,22284.66,22284.66
TRD000623,F007,A012,2025-01-10,Buy,313,49.83,15596.79,15596.79
TRD000624,F003,A009,2025-10-01,Buy,83,93.53,7762.99,7762.99
TRD000625,F006,A013,2026-04-14,Buy,357,308.94,110291.58,110291.58
TRD000626,F006,A018,2026-03-15,Buy,267,99.8,26646.6,26646.6
TRD000627,F004,A020,2025-11-09,Buy,335,180.85,60584.75,60584.75
TRD000628,F006,A001,2025-09-03,Sell,334,245.57,82020.38,-82020.38
TRD000629,F003,A001,2026-07-22,Sell,53,301.54,15981.62,-15981.62
TRD000630,F001,A004,2025-05-20,Buy,356,178.81,63656.36,63656.36
TRD000631,F002,A019,2025-01-08,Sell,17,343.31,5836.27,-5836.27
TRD000632,F006,A013,2026-06-25,Buy,388,313.65,121696.2,121696.2
TRD000633,F001,A007,2026-06-21,Sell,239,202.42,48378.38,-48378.38
TRD000634,F003,A005,2026-06-11,Buy,197,139.95,27570.15,27570.15
TRD000635,F001,A004,2026-01-18,Sell,263,171.88,45204.44,-45204.44
TRD000636,F006,A013,2025-05-01,Buy,435,302.69,131670.15,131670.15
TRD000637,F008,A017,2026-08-06,Buy,145,162.12,23507.4,23507.4
TRD000638,F005,A014,2025-02-06,Sell,273,280.6,76603.8,-76603.8
TRD000639,F008,A016,2026-04-17,Buy,192,161.95,31094.4,31094.4
TRD000640,F006,A001,2025-07-10,Buy,12,268.35,3220.2,3220.2
TRD000641,F001,A001,2025-03-28,Buy,230,280.35,64480.5,64480.5
TRD000642,F003,A018,2025-01-08,Buy,73,119.83,8747.59,8747.59
TRD000643,F005,A002,2025-11-03,Buy,250,169.37,42342.5,42342.5
TRD000644,F003,A015,2026-03-26,Buy,65,152.1,9886.5,9886.5
TRD000645,F006,A018,2025-07-23,Buy,12,102.12,1225.44,1225.44
TRD000646,F005,A001,2025-12-06,Sell,78,272.13,21226.14,-21226.14
TRD000647,F003,A013,2025-09-30,Buy,495,297.32,147173.4,147173.4
TRD000648,F008,A019,2025-05-11,Buy,263,361.58,95095.54,95095.54
TRD000649,F007,A012,2025-04-21,Sell,77,49.53,3813.81,-3813.81
TRD000650,F003,A009,2025-08-31,Buy,186,97.06,18053.16,18053.16
TRD000651,F006,A018,2026-03-21,Buy,315,114.21,35976.15,35976.15
TRD000652,F005,A005,2025-09-11,Buy,52,136.96,7121.92,7121.92
TRD000653,F003,A013,2025-09-27,Sell,153,323.12,49437.36,-49437.36
TRD000654,F004,A020,2025-04-16,Sell,111,162.03,17985.33,-17985.33
TRD000655,F003,A013,2025-06-02,Buy,447,307.37,137394.39,137394.39
TRD000656,F003,A018,2025-07-16,Sell,29,99.39,2882.31,-2882.31
TRD000657,F007,A009,2025-02-22,Buy,325,88.31,28700.75,28700.75
TRD000658,F005,A014,2025-08-16,Buy,334,292.44,97674.96,97674.96
TRD000659,F008,A016,2025-02-22,Buy,271,185.97,50397.87,50397.87
TRD000660,F005,A003,2026-03-05,Buy,153,460.92,70520.76,70520.76
TRD000661,F001,A002,2025-11-26,Buy,30,148.66,4459.8,4459.8
TRD000662,F008,A017,2026-03-18,Buy,475,183.06,86953.5,86953.5
TRD000663,F008,A017,2025-04-10,Buy,181,166.98,30223.38,30223.38
TRD000664,F003,A016,2026-01-06,Sell,194,203.89,39554.66,-39554.66
TRD000665,F006,A013,2026-01-29,Buy,342,279.07,95441.94,95441.94
TRD000666,F002,A017,2025-05-04,Buy,332,190.3,63179.6,63179.6
TRD000667,F004,A018,2025-04-12,Buy,370,104.89,38809.3,38809.3
TRD000668,F006,A016,2025-07-26,Buy,381,188.66,71879.46,71879.46
TRD000669,F003,A001,2026-07-18,Sell,75,255.03,19127.25,-19127.25
TRD000670,F006,A016,2025-05-01,Sell,239,197.54,47212.06,-47212.06
TRD000671,F002,A019,2026-05-31,Sell,224,334.1,74838.4,-74838.4
TRD000672,F003,A015,2025-10-24,Buy,366,151.23,55350.18,55350.18
TRD000673,F001,A008,2026-02-12,Buy,107,242.8,25979.6,25979.6
TRD000674,F002,A017,2026-01-29,Buy,234,190.73,44630.82,44630.82
TRD000675,F007,A012,2025-07-08,Buy,320,52.25,16720.0,16720.0
TRD000676,F004,A018,2026-06-10,Buy,460,120.33,55351.8,55351.8
TRD000677,F005,A003,2025-10-02,Buy,446,372.72,166233.12,166233.12
TRD000678,F003,A013,2025-10-26,Buy,33,302.19,9972.27,9972.27
TRD000679,F003,A015,2025-02-22,Buy,484,118.03,57126.52,57126.52
TRD000680,F004,A018,2025-12-22,Buy,283,94.34,26698.22,26698.22
TRD000681,F006,A016,2026-07-17,Buy,52,215.59,11210.68,11210.68
TRD000682,F003,A018,2025-11-29,Sell,469,110.19,51679.11,-51679.11
TRD000683,F001,A003,2025-10-14,Buy,122,434.98,53067.56,53067.56
TRD000684,F001,A007,2025-04-19,Sell,346,203.18,70300.28,-70300.28
TRD000685,F007,A011,2026-07-19,Buy,455,165.49,75297.95,75297.95
TRD000686,F008,A016,2026-08-19,Buy,176,176.94,31141.44,31141.44
TRD000687,F007,A010,2026-03-21,Buy,238,100.9,24014.2,24014.2
TRD000688,F008,A016,2025-07-09,Sell,263,171.96,45225.48,-45225.48
TRD000689,F003,A013,2025-07-04,Buy,301,298.33,89797.33,89797.33
TRD000690,F001,A003,2026-02-08,Buy,93,453.87,42209.91,42209.91
TRD000691,F004,A018,2025-09-09,Buy,83,92.93,7713.19,7713.19
TRD000692,F007,A009,2025-01-13,Buy,380,97.84,37179.2,37179.2
TRD000693,F007,A012,2025-01-14,Sell,20,49.54,990.8,-990.8
TRD000694,F001,A002,2025-10-02,Buy,137,189.03,25897.11,25897.11
TRD000695,F001,A001,2026-07-10,Sell,500,305.61,152805.0,-152805.0
TRD000696,F006,A001,2026-07-31,Sell,113,250.6,28317.8,-28317.8
TRD000697,F003,A015,2025-09-07,Buy,179,131.79,23590.41,23590.41
TRD000698,F005,A014,2025-02-15,Buy,288,226.72,65295.36,65295.36
TRD000699,F005,A001,2026-03-02,Buy,271,313.6,84985.6,84985.6
TRD000700,F004,A018,2025-05-31,Buy,126,104.29,13140.54,13140.54
TRD000701,F005,A002,2026-01-29,Buy,481,194.74,93669.94,93669.94
TRD000702,F002,A019,2025-08-18,Buy,96,380.58,36535.68,36535.68
TRD000703,F005,A003,2025-05-02,Buy,49,420.97,20627.53,20627.53
TRD000704,F002,A017,2026-03-15,Buy,319,158.82,50663.58,50663.58
TRD000705,F003,A018,2025-11-05,Buy,86,119.19,10250.34,10250.34
TRD000706,F005,A003,2026-05-27,Buy,458,358.51,164197.58,164197.58
TRD000707,F005,A014,2025-01-03,Sell,418,223.13,93268.34,-93268.34
TRD000708,F003,A009,2026-04-03,Sell,173,86.8,15016.4,-15016.4
TRD000709,F008,A016,2025-10-13,Buy,67,194.57,13036.19,13036.19
TRD000710,F006,A013,2025-12-28,Buy,103,323.19,33288.57,33288.57
TRD000711,F007,A012,2025-12-08,Buy,365,64.06,23381.9,23381.9
TRD000712,F004,A020,2026-07-06,Buy,224,165.73,37123.52,37123.52
TRD000713,F004,A020,2026-03-08,Buy,52,167.28,8698.56,8698.56
TRD000714,F004,A018,2025-07-28,Sell,130,102.2,13286.0,-13286.0
TRD000715,F001,A003,2025-05-17,Sell,295,403.67,119082.65,-119082.65
TRD000716,F001,A003,2025-05-23,Buy,194,449.42,87187.48,87187.48
TRD000717,F003,A018,2025-08-18,Buy,134,97.37,13047.58,13047.58
TRD000718,F003,A005,2026-01-22,Sell,366,134.79,49333.14,-49333.14
TRD000719,F007,A011,2026-08-19,Buy,37,169.08,6255.96,6255.96
TRD000720,F003,A001,2025-03-22,Buy,85,269.66,22921.1,22921.1
TRD000721,F001,A007,2025-06-03,Sell,435,194.38,84555.3,-84555.3
TRD000722,F008,A019,2025-11-03,Buy,81,356.43,28870.83,28870.83
TRD000723,F006,A018,2025-01-14,Buy,410,111.25,45612.5,45612.5
TRD000724,F003,A001,2025-06-27,Buy,461,293.03,135086.83,135086.83
TRD000725,F001,A004,2026-04-11,Buy,436,174.26,75977.36,75977.36
TRD000726,F005,A006,2025-08-21,Buy,266,151.31,40248.46,40248.46
TRD000727,F003,A015,2025-05-09,Sell,57,133.49,7608.93,-7608.93
TRD000728,F007,A009,2026-07-27,Buy,122,93.92,11458.24,11458.24
TRD000729,F002,A018,2026-02-19,Sell,249,105.9,26369.1,-26369.1
TRD000730,F003,A001,2026-03-11,Buy,421,270.18,113745.78,113745.78
TRD000731,F002,A017,2025-12-10,Buy,49,170.08,8333.92,8333.92
TRD000732,F005,A002,2025-08-05,Buy,287,154.22,44261.14,44261.14
TRD000733,F005,A002,2025-02-03,Buy,292,159.21,46489.32,46489.32
TRD000734,F002,A018,2026-05-11,Buy,299,92.06,27525.94,27525.94
TRD000735,F006,A001,2026-01-01,Sell,493,264.88,130585.84,-130585.84
TRD000736,F007,A010,2025-12-31,Sell,171,118.02,20181.42,-20181.42
TRD000737,F002,A019,2026-05-31,Buy,218,371.2,80921.6,80921.6
TRD000738,F003,A001,2026-05-04,Buy,310,305.98,94853.8,94853.8
TRD000739,F001,A003,2026-04-20,Buy,92,364.32,33517.44,33517.44
TRD000740,F002,A018,2025-05-25,Sell,128,118.92,15221.76,-15221.76
TRD000741,F003,A016,2025-12-14,Buy,239,206.41,49331.99,49331.99
TRD000742,F007,A009,2026-02-01,Buy,466,103.26,48119.16,48119.16
TRD000743,F002,A017,2026-05-25,Buy,300,184.19,55257.0,55257.0
TRD000744,F001,A002,2026-07-15,Sell,402,194.29,78104.58,-78104.58
TRD000745,F002,A019,2025-06-23,Sell,58,327.24,18979.92,-18979.92
TRD000746,F003,A005,2025-12-28,Buy,153,129.94,19880.82,19880.82
TRD000747,F003,A020,2025-09-20,Sell,142,187.13,26572.46,-26572.46
TRD000748,F008,A019,2025-05-07,Sell,483,295.96,142948.68,-142948.68
TRD000749,F008,A016,2026-02-15,Buy,196,210.61,41279.56,41279.56
TRD000750,F003,A020,2025-11-18,Buy,197,163.92,32292.24,32292.24
TRD000751,F007,A012,2025-02-13,Buy,144,62.45,8992.8,8992.8
TRD000752,F001,A008,2026-07-29,Buy,414,209.11,86571.54,86571.54
TRD000753,F002,A019,2026-02-13,Sell,202,297.72,60139.44,-60139.44
TRD000754,F004,A020,2025-04-06,Buy,457,161.46,73787.22,73787.22
TRD000755,F008,A019,2026-04-22,Buy,283,371.56,105151.48,105151.48
TRD000756,F003,A005,2026-02-11,Sell,479,144.53,69229.87,-69229.87
TRD000757,F004,A020,2025-12-17,Sell,178,141.97,25270.66,-25270.66
TRD000758,F008,A016,2025-04-28,Buy,369,203.89,75235.41,75235.41
TRD000759,F001,A007,2025-05-30,Buy,89,201.57,17939.73,17939.73
TRD000760,F006,A020,2026-01-25,Buy,26,187.21,4867.46,4867.46
TRD000761,F006,A018,2025-08-05,Sell,252,97.45,24557.4,-24557.4
TRD000762,F007,A011,2025-03-27,Buy,139,165.94,23065.66,23065.66
TRD000763,F005,A005,2026-04-08,Sell,51,119.34,6086.34,-6086.34
TRD000764,F004,A020,2025-04-05,Sell,104,179.5,18668.0,-18668.0
TRD000765,F007,A011,2025-07-23,Buy,395,149.73,59143.35,59143.35
TRD000766,F007,A012,2025-06-14,Sell,253,56.7,14345.1,-14345.1
TRD000767,F007,A011,2026-02-03,Sell,477,168.68,80460.36,-80460.36
TRD000768,F004,A018,2025-05-29,Buy,380,111.99,42556.2,42556.2
TRD000769,F006,A001,2025-06-01,Buy,87,314.45,27357.15,27357.15
TRD000770,F006,A001,2026-02-21,Buy,415,320.64,133065.6,133065.6
TRD000771,F001,A004,2025-05-09,Buy,492,196.14,96500.88,96500.88
TRD000772,F002,A017,2025-07-12,Buy,121,190.47,23046.87,23046.87
TRD000773,F003,A018,2025-07-15,Sell,120,101.76,12211.2,-12211.2
TRD000774,F001,A003,2025-11-06,Sell,426,390.23,166237.98,-166237.98
TRD000775,F002,A018,2026-04-12,Buy,265,111.38,29515.7,29515.7
TRD000776,F006,A016,2026-06-20,Sell,434,192.55,83566.7,-83566.7
TRD000777,F006,A001,2026-03-15,Buy,484,253.69,122785.96,122785.96
TRD000778,F003,A018,2026-03-24,Buy,205,99.74,20446.7,20446.7
TRD000779,F002,A017,2025-04-02,Buy,422,195.34,82433.48,82433.48
TRD000780,F007,A009,2026-07-12,Buy,264,104.34,27545.76,27545.76
TRD000781,F008,A019,2025-10-24,Sell,307,362.18,111189.26,-111189.26
TRD000782,F004,A018,2026-01-26,Buy,407,105.17,42804.19,42804.19
TRD000783,F008,A016,2026-04-21,Buy,189,216.8,40975.2,40975.2
TRD000784,F007,A009,2025-08-18,Buy,491,93.41,45864.31,45864.31
TRD000785,F005,A014,2026-03-01,Buy,145,240.85,34923.25,34923.25
TRD000786,F001,A004,2025-06-07,Sell,26,152.43,3963.18,-3963.18
TRD000787,F006,A016,2026-03-17,Buy,97,216.32,20983.04,20983.04
TRD000788,F007,A010,2025-02-22,Sell,325,114.48,37206.0,-37206.0
TRD000789,F007,A010,2025-06-27,Buy,490,114.22,55967.8,55967.8
TRD000790,F006,A020,2025-04-12,Sell,91,160.24,14581.84,-14581.84
TRD000791,F003,A005,2026-02-06,Sell,333,129.95,43273.35,-43273.35
TRD000792,F005,A006,2025-07-28,Buy,91,182.29,16588.39,16588.39
TRD000793,F001,A004,2025-06-06,Buy,15,185.25,2778.75,2778.75
TRD000794,F002,A018,2025-05-14,Sell,205,91.44,18745.2,-18745.2
TRD000795,F006,A013,2025-08-16,Buy,132,312.87,41298.84,41298.84
TRD000796,F004,A020,2025-02-22,Buy,404,151.58,61238.32,61238.32
TRD000797,F003,A001,2025-04-16,Buy,336,321.89,108155.04,108155.04
TRD000798,F002,A017,2025-07-04,Buy,82,165.81,13596.42,13596.42
TRD000799,F008,A017,2026-02-05,Buy,477,195.39,93201.03,93201.03
TRD000800,F001,A004,2025-03-20,Buy,47,177.63,8348.61,8348.61
TRD000801,F007,A012,2026-04-07,Sell,465,52.96,24626.4,-24626.4
TRD000802,F003,A015,2026-08-04,Buy,15,148.69,2230.35,2230.35
TRD000803,F001,A001,2026-05-11,Sell,185,322.65,59690.25,-59690.25
TRD000804,F001,A002,2025-05-05,Buy,277,187.54,51948.58,51948.58
TRD000805,F001,A007,2025-06-06,Buy,21,178.62,3751.02,3751.02
TRD000806,F006,A001,2025-12-02,Buy,470,257.16,120865.2,120865.2
TRD000807,F002,A018,2025-10-02,Buy,364,120.69,43931.16,43931.16
TRD000808,F004,A018,2025-10-29,Buy,188,113.28,21296.64,21296.64
TRD000809,F008,A017,2025-07-17,Buy,272,201.14,54710.08,54710.08
TRD000810,F004,A020,2025-11-16,Buy,211,143.85,30352.35,30352.35
TRD000811,F004,A020,2026-03-10,Buy,231,182.07,42058.17,42058.17
TRD000812,F005,A003,2026-01-28,Buy,328,358.95,117735.6,117735.6
TRD000813,F006,A016,2025-03-07,Buy,469,197.7,92721.3,92721.3
TRD000814,F001,A007,2025-10-28,Buy,139,182.29,25338.31,25338.31
TRD000815,F006,A018,2025-11-27,Buy,25,94.29,2357.25,2357.25
TRD000816,F003,A016,2026-01-16,Buy,135,165.75,22376.25,22376.25
TRD000817,F006,A001,2025-01-12,Sell,14,265.73,3720.22,-3720.22
TRD000818,F004,A020,2025-08-27,Buy,300,177.77,53331.0,53331.0
TRD000819,F007,A011,2025-08-11,Buy,318,145.68,46326.24,46326.24
TRD000820,F005,A014,2025-03-18,Buy,321,289.84,93038.64,93038.64
TRD000821,F007,A012,2025-07-22,Buy,172,61.37,10555.64,10555.64
TRD000822,F008,A017,2026-03-08,Buy,33,203.48,6714.84,6714.84
TRD000823,F008,A016,2026-01-28,Buy,317,180.26,57142.42,57142.42
TRD000824,F001,A003,2026-08-13,Sell,19,424.39,8063.41,-8063.41
TRD000825,F008,A017,2026-02-17,Buy,77,195.57,15058.89,15058.89
TRD000826,F001,A003,2026-04-27,Buy,340,347.81,118255.4,118255.4
TRD000827,F007,A011,2025-12-21,Buy,150,150.71,22606.5,22606.5
TRD000828,F006,A018,2025-11-02,Buy,323,92.13,29757.99,29757.99
TRD000829,F008,A017,2025-05-05,Sell,444,184.9,82095.6,-82095.6
TRD000830,F002,A017,2025-01-11,Buy,124,153.33,19012.92,19012.92
TRD000831,F006,A018,2025-07-15,Sell,125,96.07,12008.75,-12008.75
TRD000832,F006,A020,2025-02-23,Buy,12,184.58,2214.96,2214.96
TRD000833,F001,A001,2025-03-18,Buy,34,318.72,10836.48,10836.48
TRD000834,F007,A011,2025-05-22,Buy,367,143.68,52730.56,52730.56
TRD000835,F002,A017,2026-02-28,Buy,173,196.65,34020.45,34020.45
TRD000836,F002,A018,2026-05-05,Buy,280,98.32,27529.6,27529.6
TRD000837,F005,A003,2025-08-20,Buy,405,435.03,176187.15,176187.15
TRD000838,F005,A014,2025-09-06,Buy,52,244.35,12706.2,12706.2
TRD000839,F004,A018,2025-03-03,Buy,48,121.71,5842.08,5842.08
TRD000840,F004,A020,2026-05-15,Buy,429,157.68,67644.72,67644.72
TRD000841,F004,A020,2026-04-10,Buy,399,185.08,73846.92,73846.92
TRD000842,F002,A017,2026-01-30,Sell,122,199.57,24347.54,-24347.54
TRD000843,F004,A020,2026-03-10,Buy,106,142.18,15071.08,15071.08
TRD000844,F005,A006,2026-04-18,Sell,341,141.48,48244.68,-48244.68
TRD000845,F002,A017,2025-07-11,Buy,18,198.36,3570.48,3570.48
TRD000846,F008,A019,2025-09-29,Buy,281,327.03,91895.43,91895.43
TRD000847,F002,A019,2026-02-11,Buy,230,303.08,69708.4,69708.4
TRD000848,F006,A001,2025-04-11,Buy,235,261.85,61534.75,61534.75
TRD000849,F007,A012,2026-02-17,Buy,109,52.63,5736.67,5736.67
TRD000850,F005,A006,2026-03-20,Buy,321,160.35,51472.35,51472.35
TRD000851,F001,A008,2025-08-13,Buy,137,257.63,35295.31,35295.31
TRD000852,F001,A007,2026-06-29,Buy,146,163.74,23906.04,23906.04
TRD000853,F004,A020,2025-08-14,Sell,210,158.06,33192.6,-33192.6
TRD000854,F005,A005,2025-07-28,Buy,115,114.48,13165.2,13165.2
TRD000855,F005,A014,2025-01-04,Buy,315,239.36,75398.4,75398.4
TRD000856,F008,A019,2025-09-02,Buy,166,366.83,60893.78,60893.78
TRD000857,F002,A017,2026-04-12,Buy,105,168.46,17688.3,17688.3
TRD000858,F001,A008,2025-01-22,Buy,252,221.55,55830.6,55830.6
TRD000859,F005,A001,2025-01-10,Buy,97,296.13,28724.61,28724.61
TRD000860,F008,A019,2025-09-11,Buy,10,330.58,3305.8,3305.8
TRD000861,F001,A001,2025-10-25,Sell,300,296.2,88860.0,-88860.0
TRD000862,F003,A009,2025-11-08,Sell,406,85.24,34607.44,-34607.44
TRD000863,F006,A018,2026-07-13,Buy,261,114.13,29787.93,29787.93
TRD000864,F008,A017,2025-12-28,Buy,196,175.19,34337.24,34337.24
TRD000865,F006,A020,2026-05-11,Buy,406,171.34,69564.04,69564.04
TRD000866,F001,A002,2025-05-26,Buy,220,193.55,42581.0,42581.0
TRD000867,F001,A002,2026-03-18,Buy,305,187.5,57187.5,57187.5
TRD000868,F002,A017,2025-04-21,Sell,481,201.59,96964.79,-96964.79
TRD000869,F008,A019,2025-12-24,Sell,99,308.38,30529.62,-30529.62
TRD000870,F007,A012,2025-11-13,Buy,493,64.41,31754.13,31754.13
TRD000871,F006,A020,2026-04-11,Buy,72,160.05,11523.6,11523.6
TRD000872,F006,A016,2026-05-26,Sell,66,216.91,14316.06,-14316.06
TRD000873,F003,A020,2025-10-24,Buy,358,146.17,52328.86,52328.86
TRD000874,F003,A015,2025-10-29,Buy,259,124.21,32170.39,32170.39
TRD000875,F001,A002,2025-05-07,Buy,154,191.93,29557.22,29557.22
TRD000876,F005,A001,2025-01-01,Buy,230,268.56,61768.8,61768.8
TRD000877,F003,A016,2026-05-30,Buy,459,177.77,81596.43,81596.43
TRD000878,F003,A005,2025-07-21,Buy,375,118.28,44355.0,44355.0
TRD000879,F002,A019,2025-12-30,Buy,122,285.18,34791.96,34791.96
TRD000880,F007,A012,2025-04-11,Sell,214,63.96,13687.44,-13687.44
TRD000881,F005,A006,2026-03-23,Buy,169,144.91,24489.79,24489.79
TRD000882,F006,A020,2025-07-24,Buy,81,172.29,13955.49,13955.49
TRD000883,F007,A010,2025-11-01,Buy,164,103.31,16942.84,16942.84
TRD000884,F008,A019,2026-03-24,Buy,103,319.4,32898.2,32898.2
TRD000885,F008,A019,2026-01-02,Buy,170,332.12,56460.4,56460.4
TRD000886,F007,A012,2026-04-18,Buy,225,63.87,14370.75,14370.75
TRD000887,F001,A004,2025-11-06,Sell,55,192.04,10562.2,-10562.2
TRD000888,F006,A013,2026-08-03,Sell,327,303.06,99100.62,-99100.62
TRD000889,F001,A004,2025-01-07,Buy,74,173.16,12813.84,12813.84
TRD000890,F008,A016,2025-04-20,Buy,53,164.73,8730.69,8730.69
TRD000891,F002,A019,2025-12-06,Sell,299,329.9,98640.1,-98640.1
TRD000892,F002,A018,2025-02-24,Sell,309,112.2,34669.8,-34669.8
TRD000893,F003,A020,2025-06-08,Buy,79,149.77,11831.83,11831.83
TRD000894,F005,A014,2026-05-12,Buy,489,217.77,106489.53,106489.53
TRD000895,F004,A018,2025-05-04,Buy,44,90.63,3987.72,3987.72
TRD000896,F004,A018,2026-06-02,Buy,63,105.78,6664.14,6664.14
TRD000897,F001,A001,2025-07-08,Sell,163,272.97,44494.11,-44494.11
TRD000898,F005,A006,2025-05-07,Buy,358,157.73,56467.34,56467.34
TRD000899,F001,A002,2025-09-04,Buy,82,191.57,15708.74,15708.74
TRD000900,F004,A020,2025-04-13,Sell,255,153.02,39020.1,-39020.1
TRD000901,F008,A017,2026-01-31,Buy,351,165.43,58065.93,58065.93
TRD000902,F002,A019,2025-06-01,Buy,223,362.94,80935.62,80935.62
TRD000903,F008,A016,2026-08-18,Buy,298,183.82,54778.36,54778.36
TRD000904,F008,A016,2025-05-23,Buy,474,213.35,101127.9,101127.9
TRD000905,F008,A017,2026-01-02,Buy,14,203.03,2842.42,2842.42
TRD000906,F004,A020,2026-02-04,Buy,472,173.41,81849.52,81849.52
TRD000907,F003,A009,2026-07-31,Buy,190,101.6,19304.0,19304.0
TRD000908,F003,A015,2025-11-07,Sell,411,143.08,58805.88,-58805.88
TRD000909,F002,A018,2026-04-29,Buy,257,102.67,26386.19,26386.19
TRD000910,F003,A015,2026-08-18,Buy,76,140.5,10678.0,10678.0
TRD000911,F007,A009,2025-06-12,Buy,33,83.36,2750.88,2750.88
TRD000912,F002,A019,2025-11-28,Sell,488,349.59,170599.92,-170599.92
TRD000913,F004,A018,2026-01-29,Sell,470,118.8,55836.0,-55836.0
TRD000914,F007,A009,2025-04-28,Buy,41,100.32,4113.12,4113.12
TRD000915,F002,A019,2025-01-31,Sell,400,319.23,127692.0,-127692.0
TRD000916,F006,A001,2025-05-17,Sell,367,276.76,101570.92,-101570.92
TRD000917,F004,A018,2025-10-20,Buy,139,106.34,14781.26,14781.26
TRD000918,F003,A018,2025-07-16,Buy,426,107.53,45807.78,45807.78
TRD000919,F001,A008,2025-02-04,Sell,352,199.02,70055.04,-70055.04
TRD000920,F001,A003,2026-07-14,Sell,406,395.62,160621.72,-160621.72
TRD000921,F006,A013,2026-06-25,Buy,359,319.82,114815.38,114815.38
TRD000922,F004,A020,2026-07-27,Sell,266,156.06,41511.96,-41511.96
TRD000923,F002,A019,2025-03-14,Buy,228,344.23,78484.44,78484.44
TRD000924,F003,A015,2025-08-25,Buy,61,117.43,7163.23,7163.23
TRD000925,F006,A001,2025-10-24,Sell,124,308.11,38205.64,-38205.64
TRD000926,F005,A005,2025-06-11,Sell,370,121.61,44995.7,-44995.7
TRD000927,F002,A018,2026-06-15,Sell,304,98.35,29898.4,-29898.4
TRD000928,F005,A005,2025-04-24,Buy,326,110.13,35902.38,35902.38
TRD000929,F005,A014,2026-03-08,Buy,25,219.75,5493.75,5493.75
TRD000930,F006,A001,2025-12-04,Sell,81,256.09,20743.29,-20743.29
TRD000931,F001,A002,2026-08-01,Sell,262,152.46,39944.52,-39944.52
TRD000932,F001,A003,2025-03-24,Sell,46,461.76,21240.96,-21240.96
TRD000933,F008,A016,2025-04-17,Buy,148,202.87,30024.76,30024.76
TRD000934,F004,A020,2025-08-22,Buy,230,162.21,37308.3,37308.3
TRD000935,F001,A001,2025-07-20,Buy,406,304.78,123740.68,123740.68
TRD000936,F007,A009,2026-02-01,Sell,292,96.54,28189.68,-28189.68
TRD000937,F003,A018,2025-05-22,Buy,369,104.28,38479.32,38479.32
TRD000938,F002,A018,2025-07-18,Buy,472,102.39,48328.08,48328.08
TRD000939,F001,A002,2025-01-11,Buy,128,153.46,19642.88,19642.88
TRD000940,F001,A001,2025-02-28,Buy,457,299.55,136894.35,136894.35
TRD000941,F003,A020,2025-11-18,Buy,102,152.66,15571.32,15571.32
TRD000942,F004,A020,2026-05-06,Buy,76,168.51,12806.76,12806.76
TRD000943,F002,A017,2025-07-30,Buy,138,200.72,27699.36,27699.36
TRD000944,F006,A013,2026-01-11,Sell,237,318.31,75439.47,-75439.47
TRD000945,F005,A014,2025-10-01,Buy,135,257.68,34786.8,34786.8
TRD000946,F002,A017,2026-05-13,Buy,187,198.7,37156.9,37156.9
TRD000947,F004,A018,2025-08-25,Buy,440,121.84,53609.6,53609.6
TRD000948,F004,A018,2025-05-26,Buy,200,113.81,22762.0,22762.0
TRD000949,F004,A020,2025-04-27,Buy,342,176.25,60277.5,60277.5
TRD000950,F001,A003,2025-11-04,Sell,152,417.62,63478.24,-63478.24
TRD000951,F002,A017,2026-01-29,Buy,152,196.26,29831.52,29831.52
TRD000952,F007,A012,2025-07-30,Buy,237,48.43,11477.91,11477.91
TRD000953,F007,A009,2026-07-09,Sell,348,91.39,31803.72,-31803.72
TRD000954,F001,A007,2025-09-26,Sell,396,198.62,78653.52,-78653.52
TRD000955,F004,A018,2026-03-21,Sell,184,113.84,20946.56,-20946.56
TRD000956,F001,A001,2025-10-22,Sell,293,271.59,79575.87,-79575.87
TRD000957,F008,A017,2026-06-16,Buy,303,189.06,57285.18,57285.18
TRD000958,F007,A012,2025-09-01,Buy,391,64.39,25176.49,25176.49
TRD000959,F001,A003,2025-10-08,Buy,419,429.14,179809.66,179809.66
TRD000960,F004,A020,2025-02-09,Buy,182,166.79,30355.78,30355.78
TRD000961,F006,A016,2025-01-13,Buy,347,175.9,61037.3,61037.3
TRD000962,F006,A016,2026-04-19,Buy,443,171.81,76111.83,76111.83
TRD000963,F001,A004,2026-05-07,Buy,28,203.28,5691.84,5691.84
TRD000964,F004,A020,2025-03-23,Buy,39,167.21,6521.19,6521.19
TRD000965,F006,A001,2025-10-10,Buy,235,254.03,59697.05,59697.05
TRD000966,F008,A016,2025-05-31,Sell,126,197.56,24892.56,-24892.56
TRD000967,F001,A002,2025-07-08,Buy,68,182.97,12441.96,12441.96
TRD000968,F008,A019,2025-08-22,Buy,172,286.15,49217.8,49217.8
TRD000969,F005,A003,2025-12-28,Buy,18,428.62,7715.16,7715.16
TRD000970,F001,A007,2025-03-21,Buy,130,169.65,22054.5,22054.5
TRD000971,F002,A018,2025-11-30,Buy,49,98.21,4812.29,4812.29
TRD000972,F007,A009,2025-10-17,Buy,338,94.92,32082.96,32082.96
TRD000973,F006,A020,2026-02-22,Sell,413,156.47,64622.11,-64622.11
TRD000974,F006,A018,2025-02-01,Buy,492,121.77,59910.84,59910.84
TRD000975,F001,A003,2025-01-27,Buy,486,364.14,176972.04,176972.04
TRD000976,F004,A020,2026-06-05,Sell,271,173.88,47121.48,-47121.48
TRD000977,F006,A013,2025-02-03,Buy,203,328.86,66758.58,66758.58
TRD000978,F003,A018,2025-03-22,Sell,400,122.54,49016.0,-49016.0
TRD000979,F004,A020,2026-06-25,Sell,285,174.73,49798.05,-49798.05
TRD000980,F008,A019,2025-11-21,Buy,278,333.76,92785.28,92785.28
TRD000981,F005,A002,2026-01-06,Buy,178,161.38,28725.64,28725.64
TRD000982,F006,A001,2026-02-24,Buy,364,259.19,94345.16,94345.16
TRD000983,F006,A020,2026-01-06,Buy,268,142.56,38206.08,38206.08
TRD000984,F004,A020,2026-08-07,Sell,412,159.33,65643.96,-65643.96
TRD000985,F003,A013,2025-05-22,Buy,407,335.91,136715.37,136715.37
TRD000986,F005,A003,2026-02-23,Buy,170,360.22,61237.4,61237.4
TRD000987,F003,A020,2025-07-22,Sell,333,182.0,60606.0,-60606.0
TRD000988,F008,A016,2025-09-27,Sell,95,168.5,16007.5,-16007.5
TRD000989,F008,A019,2025-02-04,Sell,61,294.56,17968.16,-17968.16
TRD000990,F001,A008,2025-05-16,Buy,95,259.73,24674.35,24674.35
TRD000991,F007,A012,2026-07-25,Buy,191,49.83,9517.53,9517.53
TRD000992,F005,A001,2025-12-11,Buy,182,314.53,57244.46,57244.46
TRD000993,F002,A018,2025-12-30,Sell,33,92.99,3068.67,-3068.67
TRD000994,F007,A012,2025-10-24,Sell,389,61.73,24012.97,-24012.97
TRD000995,F003,A009,2026-06-06,Buy,380,104.8,39824.0,39824.0
TRD000996,F001,A007,2026-04-10,Buy,313,170.72,53435.36,53435.36
TRD000997,F008,A016,2025-10-14,Sell,270,202.82,54761.4,-54761.4
TRD000998,F002,A017,2025-02-19,Buy,162,177.03,28678.86,28678.86
TRD000999,F007,A011,2025-07-02,Sell,175,153.9,26932.5,-26932.5
TRD001000,F001,A008,2025-08-04,Buy,461,259.68,119712.48,119712.48
TRD001001,F005,A006,2025-04-12,Buy,460,166.23,76465.8,76465.8
TRD001002,F003,A005,2026-03-26,Buy,157,118.4,18588.8,18588.8
TRD001003,F003,A015,2025-04-19,Sell,490,149.25,73132.5,-73132.5
TRD001004,F005,A002,2026-06-05,Sell,59,159.48,9409.32,-9409.32
TRD001005,F001,A007,2026-07-07,Buy,472,153.13,72277.36,72277.36
TRD001006,F004,A018,2025-01-27,Buy,260,117.26,30487.6,30487.6
TRD001007,F005,A006,2026-06-18,Buy,228,171.85,39181.8,39181.8
TRD001008,F008,A017,2025-05-03,Buy,480,156.61,75172.8,75172.8
TRD001009,F007,A012,2025-05-21,Sell,144,49.15,7077.6,-7077.6
TRD001010,F002,A019,2025-08-16,Sell,421,289.85,122026.85,-122026.85
TRD001011,F006,A013,2026-04-10,Buy,269,284.4,76503.6,76503.6
TRD001012,F002,A018,2025-02-09,Buy,362,100.7,36453.4,36453.4
TRD001013,F006,A013,2025-02-06,Sell,440,304.4,133936.0,-133936.0
TRD001014,F001,A002,2025-08-14,Buy,80,179.39,14351.2,14351.2
TRD001015,F005,A005,2025-07-11,Sell,87,126.43,10999.41,-10999.41
TRD001016,F005,A002,2025-04-01,Sell,111,181.93,20194.23,-20194.23
TRD001017,F004,A018,2026-07-26,Buy,232,92.78,21524.96,21524.96
TRD001018,F003,A001,2026-01-25,Buy,224,296.87,66498.88,66498.88
TRD001019,F004,A020,2025-07-04,Sell,257,164.8,42353.6,-42353.6
TRD001020,F004,A020,2026-02-06,Buy,352,162.58,57228.16,57228.16
TRD001021,F008,A017,2025-10-22,Buy,59,162.43,9583.37,9583.37
TRD001022,F008,A017,2025-04-29,Buy,136,186.03,25300.08,25300.08
TRD001023,F006,A001,2025-05-12,Sell,187,297.63,55656.81,-55656.81
TRD001024,F008,A017,2025-08-29,Buy,317,172.71,54749.07,54749.07
TRD001025,F005,A006,2026-02-23,Buy,120,179.45,21534.0,21534.0
TRD001026,F006,A016,2026-02-05,Sell,355,179.73,63804.15,-63804.15
TRD001027,F007,A012,2025-10-02,Buy,143,63.04,9014.72,9014.72
TRD001028,F004,A020,2025-11-12,Buy,335,178.92,59938.2,59938.2
TRD001029,F004,A018,2025-04-23,Sell,284,97.22,27610.48,-27610.48
TRD001030,F006,A013,2025-01-22,Sell,319,302.75,96577.25,-96577.25
TRD001031,F002,A018,2026-07-21,Buy,180,119.81,21565.8,21565.8
TRD001032,F001,A007,2025-07-23,Sell,117,170.31,19926.27,-19926.27
TRD001033,F007,A010,2026-01-18,Buy,158,119.65,18904.7,18904.7
TRD001034,F004,A018,2025-01-21,Sell,491,91.06,44710.46,-44710.46
TRD001035,F002,A018,2025-02-13,Buy,213,115.94,24695.22,24695.22
TRD001036,F005,A001,2025-09-11,Buy,127,292.11,37097.97,37097.97
TRD001037,F002,A019,2025-10-04,Sell,345,321.86,111041.7,-111041.7
TRD001038,F002,A017,2026-03-02,Buy,268,189.21,50708.28,50708.28
TRD001039,F003,A005,2026-02-05,Buy,386,130.38,50326.68,50326.68
TRD001040,F005,A003,2025-01-24,Buy,227,408.36,92697.72,92697.72
TRD001041,F008,A016,2026-08-14,Buy,61,176.68,10777.48,10777.48
TRD001042,F005,A005,2026-02-21,Buy,57,116.44,6637.08,6637.08
TRD001043,F008,A017,2026-06-03,Buy,474,188.19,89202.06,89202.06
TRD001044,F001,A004,2026-01-17,Sell,382,172.66,65956.12,-65956.12
TRD001045,F002,A019,2025-01-26,Buy,124,339.49,42096.76,42096.76
TRD001046,F004,A020,2025-04-22,Buy,199,162.17,32271.83,32271.83
TRD001047,F006,A013,2025-03-27,Buy,424,310.84,131796.16,131796.16
TRD001048,F003,A013,2025-09-13,Buy,452,338.86,153164.72,153164.72
TRD001049,F007,A012,2026-08-04,Sell,277,59.85,16578.45,-16578.45
TRD001050,F001,A004,2025-12-12,Sell,139,173.63,24134.57,-24134.57
TRD001051,F001,A003,2026-02-21,Sell,362,414.82,150164.84,-150164.84
TRD001052,F005,A014,2026-05-16,Buy,117,275.18,32196.06,32196.06
TRD001053,F006,A013,2026-05-10,Buy,174,295.71,51453.54,51453.54
TRD001054,F002,A017,2026-01-20,Buy,227,187.99,42673.73,42673.73
TRD001055,F001,A002,2025-06-20,Buy,276,187.88,51854.88,51854.88
TRD001056,F002,A017,2025-06-24,Buy,463,173.36,80265.68,80265.68
TRD001057,F008,A016,2026-03-05,Buy,393,211.47,83107.71,83107.71
TRD001058,F005,A001,2025-10-05,Buy,232,322.81,74891.92,74891.92
TRD001059,F006,A020,2025-10-25,Buy,342,146.94,50253.48,50253.48
TRD001060,F004,A020,2026-04-29,Buy,275,168.43,46318.25,46318.25
TRD001061,F006,A013,2026-05-01,Buy,94,301.37,28328.78,28328.78
TRD001062,F007,A010,2025-01-06,Buy,86,108.76,9353.36,9353.36
TRD001063,F004,A018,2026-04-15,Buy,365,93.63,34174.95,34174.95
TRD001064,F001,A007,2025-03-10,Buy,249,182.69,45489.81,45489.81
TRD001065,F004,A020,2025-07-17,Buy,331,139.51,46177.81,46177.81
TRD001066,F007,A011,2026-02-17,Sell,198,165.41,32751.18,-32751.18
TRD001067,F004,A018,2025-08-10,Buy,313,95.5,29891.5,29891.5
TRD001068,F005,A006,2026-06-19,Buy,62,142.67,8845.54,8845.54
TRD001069,F007,A011,2025-10-11,Sell,304,172.46,52427.84,-52427.84
TRD001070,F008,A016,2025-08-26,Sell,96,161.76,15528.96,-15528.96
TRD001071,F002,A018,2026-05-02,Sell,85,95.21,8092.85,-8092.85
TRD001072,F006,A001,2025-05-21,Buy,468,320.63,150054.84,150054.84
TRD001073,F008,A017,2025-11-06,Buy,350,175.88,61558.0,61558.0
TRD001074,F002,A017,2026-01-30,Sell,296,171.71,50826.16,-50826.16
TRD001075,F006,A016,2026-06-28,Buy,439,191.38,84015.82,84015.82
TRD001076,F004,A018,2025-10-12,Sell,494,110.9,54784.6,-54784.6
TRD001077,F007,A012,2025-09-14,Buy,260,59.38,15438.8,15438.8
TRD001078,F007,A011,2026-01-10,Sell,101,136.74,13810.74,-13810.74
TRD001079,F006,A018,2025-07-15,Buy,119,110.36,13132.84,13132.84
TRD001080,F003,A001,2026-06-23,Buy,110,276.14,30375.4,30375.4
TRD001081,F005,A003,2025-09-17,Buy,58,457.02,26507.16,26507.16
TRD001082,F001,A007,2025-10-09,Buy,149,152.8,22767.2,22767.2
TRD001083,F007,A009,2025-10-08,Buy,366,103.01,37701.66,37701.66
TRD001084,F001,A008,2026-04-11,Buy,484,224.47,108643.48,108643.48
TRD001085,F008,A019,2026-07-13,Sell,457,346.42,158313.94,-158313.94
TRD001086,F001,A003,2025-06-06,Sell,24,420.63,10095.12,-10095.12
TRD001087,F003,A009,2025-05-03,Buy,52,94.72,4925.44,4925.44
TRD001088,F001,A003,2025-10-12,Sell,59,450.53,26581.27,-26581.27
TRD001089,F004,A018,2025-11-21,Sell,180,117.41,21133.8,-21133.8
TRD001090,F003,A016,2026-02-17,Buy,274,162.42,44503.08,44503.08
TRD001091,F001,A001,2026-05-29,Buy,108,308.42,33309.36,33309.36
TRD001092,F005,A001,2025-10-10,Buy,98,276.25,27072.5,27072.5
TRD001093,F007,A010,2025-01-04,Buy,335,117.86,39483.1,39483.1
TRD001094,F006,A001,2025-03-30,Buy,184,278.17,51183.28,51183.28
TRD001095,F008,A016,2025-07-06,Sell,69,213.97,14763.93,-14763.93
TRD001096,F003,A016,2025-01-21,Sell,312,197.35,61573.2,-61573.2
TRD001097,F001,A002,2025-03-25,Sell,336,168.28,56542.08,-56542.08
TRD001098,F004,A020,2025-07-15,Sell,438,172.17,75410.46,-75410.46
TRD001099,F003,A015,2025-10-21,Buy,37,127.83,4729.71,4729.71
TRD001100,F003,A016,2025-07-12,Buy,221,174.5,38564.5,38564.5
TRD001101,F004,A018,2026-03-27,Buy,161,98.92,15926.12,15926.12
TRD001102,F008,A017,2026-06-20,Buy,306,170.13,52059.78,52059.78
TRD001103,F003,A001,2026-01-30,Buy,496,309.24,153383.04,153383.04
TRD001104,F004,A020,2025-10-23,Buy,187,170.46,31876.02,31876.02
TRD001105,F005,A001,2025-09-22,Buy,272,304.07,82707.04,82707.04
TRD001106,F005,A001,2025-07-10,Buy,482,248.59,119820.38,119820.38
TRD001107,F008,A019,2026-01-22,Buy,175,319.03,55830.25,55830.25
TRD001108,F001,A003,2026-01-03,Sell,369,358.59,132319.71,-132319.71
TRD001109,F001,A002,2025-12-11,Buy,225,173.57,39053.25,39053.25
TRD001110,F002,A017,2025-06-16,Buy,477,169.83,81008.91,81008.91
TRD001111,F003,A001,2026-04-13,Buy,234,307.09,71859.06,71859.06
TRD001112,F007,A012,2025-09-16,Sell,252,61.72,15553.44,-15553.44
TRD001113,F006,A018,2025-02-11,Sell,357,103.46,36935.22,-36935.22
TRD001114,F004,A018,2025-10-03,Sell,225,104.25,23456.25,-23456.25
TRD001115,F007,A009,2025-11-04,Sell,93,97.42,9060.06,-9060.06
TRD001116,F004,A018,2025-02-25,Sell,76,111.85,8500.6,-8500.6
TRD001117,F005,A002,2026-02-10,Buy,420,166.79,70051.8,70051.8
TRD001118,F001,A008,2025-06-26,Buy,85,206.1,17518.5,17518.5
TRD001119,F002,A017,2026-03-24,Buy,130,196.43,25535.9,25535.9
TRD001120,F004,A018,2026-01-19,Buy,360,108.39,39020.4,39020.4
TRD001121,F003,A016,2026-02-08,Buy,61,188.46,11496.06,11496.06
TRD001122,F008,A019,2025-09-06,Sell,202,364.72,73673.44,-73673.44
TRD001123,F002,A019,2025-05-17,Buy,75,313.66,23524.5,23524.5
TRD001124,F006,A016,2026-03-11,Buy,429,200.1,85842.9,85842.9
TRD001125,F002,A019,2025-01-28,Buy,260,348.65,90649.0,90649.0
TRD001126,F003,A013,2026-05-29,Sell,198,286.82,56790.36,-56790.36
TRD001127,F007,A009,2026-05-27,Buy,340,89.2,30328.0,30328.0
TRD001128,F004,A020,2026-01-29,Buy,232,143.36,33259.52,33259.52
TRD001129,F007,A010,2026-05-08,Buy,155,103.51,16044.05,16044.05
TRD001130,F007,A010,2026-06-14,Sell,93,106.38,9893.34,-9893.34
TRD001131,F008,A016,2025-04-14,Buy,187,200.74,37538.38,37538.38
TRD001132,F007,A009,2026-08-12,Buy,92,91.79,8444.68,8444.68
TRD001133,F008,A016,2026-02-16,Buy,258,198.9,51316.2,51316.2
TRD001134,F001,A003,2025-04-29,Buy,227,377.39,85667.53,85667.53
TRD001135,F008,A019,2025-12-10,Sell,200,359.71,71942.0,-71942.0
TRD001136,F006,A001,2026-03-11,Buy,412,253.94,104623.28,104623.28
TRD001137,F007,A009,2025-09-22,Buy,86,82.7,7112.2,7112.2
TRD001138,F008,A017,2025-02-10,Buy,34,175.51,5967.34,5967.34
TRD001139,F008,A017,2026-01-14,Buy,197,153.45,30229.65,30229.65
TRD001140,F006,A016,2026-07-10,Buy,402,208.34,83752.68,83752.68
TRD001141,F005,A003,2025-11-29,Buy,223,347.96,77595.08,77595.08
TRD001142,F001,A007,2025-02-07,Buy,67,170.05,11393.35,11393.35
TRD001143,F007,A010,2025-04-07,Buy,99,96.04,9507.96,9507.96
TRD001144,F003,A020,2025-12-20,Sell,230,182.55,41986.5,-41986.5
TRD001145,F004,A020,2026-01-17,Buy,30,142.56,4276.8,4276.8
TRD001146,F002,A019,2025-03-22,Buy,272,379.54,103234.88,103234.88
TRD001147,F005,A005,2025-09-21,Sell,215,108.82,23396.3,-23396.3
TRD001148,F002,A019,2026-08-08,Buy,69,360.96,24906.24,24906.24
TRD001149,F005,A006,2025-09-07,Buy,273,162.55,44376.15,44376.15
TRD001150,F001,A003,2026-03-24,Buy,303,403.54,122272.62,122272.62
TRD001151,F003,A015,2026-02-13,Sell,266,139.45,37093.7,-37093.7
TRD001152,F005,A003,2025-01-20,Sell,12,395.52,4746.24,-4746.24
TRD001153,F003,A015,2025-11-22,Buy,146,131.14,19146.44,19146.44
TRD001154,F004,A018,2025-03-07,Buy,373,101.01,37676.73,37676.73
TRD001155,F008,A019,2025-12-03,Buy,225,345.15,77658.75,77658.75
TRD001156,F008,A019,2025-11-24,Buy,16,316.11,5057.76,5057.76
TRD001157,F008,A016,2026-05-26,Buy,246,210.34,51743.64,51743.64
TRD001158,F003,A018,2026-08-09,Sell,140,103.52,14492.8,-14492.8
TRD001159,F008,A019,2026-06-27,Buy,186,290.25,53986.5,53986.5
TRD001160,F005,A003,2025-01-31,Buy,241,428.15,103184.15,103184.15
TRD001161,F003,A016,2025-01-24,Sell,299,186.22,55679.78,-55679.78
TRD001162,F005,A006,2025-08-29,Buy,390,160.21,62481.9,62481.9
TRD001163,F003,A018,2025-05-07,Buy,320,120.98,38713.6,38713.6
TRD001164,F004,A018,2025-07-02,Sell,66,108.88,7186.08,-7186.08
TRD001165,F007,A012,2026-03-05,Sell,190,60.33,11462.7,-11462.7
TRD001166,F005,A003,2025-04-19,Buy,404,390.15,157620.6,157620.6
TRD001167,F006,A020,2025-08-19,Sell,284,164.9,46831.6,-46831.6
TRD001168,F008,A017,2026-04-06,Buy,156,194.75,30381.0,30381.0
TRD001169,F003,A018,2025-12-09,Sell,157,90.73,14244.61,-14244.61
TRD001170,F003,A005,2026-03-05,Sell,206,130.07,26794.42,-26794.42
TRD001171,F007,A010,2025-08-18,Buy,335,94.23,31567.05,31567.05
TRD001172,F002,A018,2025-01-24,Buy,302,114.05,34443.1,34443.1
TRD001173,F004,A018,2025-04-04,Sell,301,110.63,33299.63,-33299.63
TRD001174,F001,A008,2026-02-03,Buy,317,252.5,80042.5,80042.5
TRD001175,F004,A018,2025-09-03,Buy,244,102.43,24992.92,24992.92
TRD001176,F004,A020,2025-02-01,Buy,77,153.17,11794.09,11794.09
TRD001177,F008,A017,2026-03-31,Sell,135,187.16,25266.6,-25266.6
TRD001178,F003,A020,2025-12-06,Sell,266,170.24,45283.84,-45283.84
TRD001179,F003,A013,2025-03-13,Buy,246,319.11,78501.06,78501.06
TRD001180,F001,A008,2026-06-17,Sell,356,220.09,78352.04,-78352.04
TRD001181,F007,A009,2025-09-24,Sell,410,94.65,38806.5,-38806.5
TRD001182,F002,A018,2026-07-01,Sell,407,110.04,44786.28,-44786.28
TRD001183,F008,A017,2025-10-27,Sell,433,189.42,82018.86,-82018.86
TRD001184,F001,A003,2026-06-08,Buy,214,433.29,92724.06,92724.06
TRD001185,F008,A017,2025-05-30,Sell,413,157.38,64997.94,-64997.94
TRD001186,F002,A018,2025-12-14,Buy,96,102.35,9825.6,9825.6
TRD001187,F004,A020,2025-12-04,Buy,117,151.77,17757.09,17757.09
TRD001188,F002,A019,2025-09-08,Sell,470,352.55,165698.5,-165698.5
TRD001189,F006,A016,2026-04-07,Buy,362,186.97,67683.14,67683.14
TRD001190,F005,A006,2025-06-01,Buy,28,173.26,4851.28,4851.28
TRD001191,F001,A002,2026-01-07,Sell,460,168.09,77321.4,-77321.4
TRD001192,F005,A014,2025-11-09,Buy,91,260.81,23733.71,23733.71
TRD001193,F008,A019,2025-05-12,Buy,160,297.35,47576.0,47576.0
TRD001194,F005,A005,2025-01-29,Sell,141,132.23,18644.43,-18644.43
TRD001195,F005,A002,2026-01-08,Sell,309,149.26,46121.34,-46121.34
TRD001196,F007,A012,2025-12-19,Buy,326,62.83,20482.58,20482.58
TRD001197,F006,A020,2026-05-12,Buy,201,157.33,31623.33,31623.33
TRD001198,F008,A016,2025-01-15,Buy,257,212.78,54684.46,54684.46
TRD001199,F002,A019,2025-08-18,Buy,125,312.76,39095.0,39095.0
TRD001200,F002,A018,2026-04-16,Buy,110,102.03,11223.3,11223.3
TRD001201,F001,A008,2026-06-21,Sell,443,248.11,109912.73,-109912.73
TRD001202,F004,A020,2025-04-12,Sell,350,140.42,49147.0,-49147.0
TRD001203,F002,A019,2026-07-05,Sell,293,377.68,110660.24,-110660.24
TRD001204,F001,A004,2025-09-08,Buy,300,179.58,53874.0,53874.0
TRD001205,F003,A013,2026-04-13,Buy,126,316.2,39841.2,39841.2
TRD001206,F005,A006,2025-07-14,Sell,152,140.96,21425.92,-21425.92
TRD001207,F002,A017,2025-08-01,Buy,277,166.89,46228.53,46228.53
TRD001208,F008,A017,2025-02-22,Buy,60,179.36,10761.6,10761.6
TRD001209,F002,A017,2025-03-27,Buy,254,156.98,39872.92,39872.92
TRD001210,F002,A018,2026-05-14,Buy,311,97.5,30322.5,30322.5
TRD001211,F001,A007,2025-04-25,Sell,230,196.91,45289.3,-45289.3
TRD001212,F008,A019,2026-04-13,Sell,109,340.59,37124.31,-37124.31
TRD001213,F005,A005,2025-06-30,Buy,317,118.28,37494.76,37494.76
TRD001214,F008,A019,2025-11-03,Buy,155,376.67,58383.85,58383.85
TRD001215,F004,A020,2026-05-31,Buy,150,172.02,25803.0,25803.0
TRD001216,F008,A016,2026-05-15,Buy,397,215.55,85573.35,85573.35
TRD001217,F008,A017,2026-03-19,Buy,93,160.3,14907.9,14907.9
TRD001218,F002,A019,2026-07-06,Sell,185,345.46,63910.1,-63910.1
TRD001219,F004,A018,2025-11-11,Buy,400,98.04,39216.0,39216.0
TRD001220,F006,A020,2025-11-04,Sell,251,143.86,36108.86,-36108.86
TRD001221,F004,A018,2026-02-10,Sell,175,95.63,16735.25,-16735.25
TRD001222,F003,A009,2026-05-01,Buy,176,110.36,19423.36,19423.36
TRD001223,F007,A011,2026-04-29,Sell,127,180.16,22880.32,-22880.32
TRD001224,F005,A003,2025-12-29,Sell,84,383.2,32188.8,-32188.8
TRD001225,F006,A018,2026-02-07,Sell,167,104.23,17406.41,-17406.41
TRD001226,F001,A004,2025-12-29,Buy,38,203.43,7730.34,7730.34
TRD001227,F003,A020,2025-07-27,Buy,402,152.25,61204.5,61204.5
TRD001228,F005,A003,2025-11-26,Buy,436,391.41,170654.76,170654.76
TRD001229,F007,A011,2025-07-24,Sell,295,162.32,47884.4,-47884.4
TRD001230,F008,A017,2025-06-14,Buy,64,154.74,9903.36,9903.36
TRD001231,F008,A019,2025-02-17,Sell,313,328.74,102895.62,-102895.62
TRD001232,F007,A012,2026-01-20,Buy,137,52.4,7178.8,7178.8
TRD001233,F001,A008,2026-01-14,Buy,185,211.24,39079.4,39079.4
TRD001234,F005,A001,2025-03-17,Buy,251,250.19,62797.69,62797.69
TRD001235,F007,A010,2025-11-03,Buy,457,98.22,44886.54,44886.54
TRD001236,F002,A019,2026-07-14,Sell,135,314.61,42472.35,-42472.35
TRD001237,F005,A006,2025-01-23,Buy,281,175.95,49441.95,49441.95
TRD001238,F002,A018,2026-01-05,Sell,374,114.27,42736.98,-42736.98
TRD001239,F008,A019,2025-11-25,Buy,462,303.36,140152.32,140152.32
TRD001240,F008,A017,2025-09-23,Buy,180,161.37,29046.6,29046.6
TRD001241,F001,A002,2026-03-14,Buy,71,182.32,12944.72,12944.72
TRD001242,F008,A016,2026-06-09,Buy,435,191.75,83411.25,83411.25
TRD001243,F007,A009,2025-12-01,Sell,268,107.92,28922.56,-28922.56
TRD001244,F008,A017,2025-03-10,Sell,304,168.54,51236.16,-51236.16
TRD001245,F002,A018,2025-06-12,Sell,409,94.22,38535.98,-38535.98
TRD001246,F002,A018,2025-07-15,Sell,482,105.61,50904.02,-50904.02
TRD001247,F007,A011,2025-06-05,Buy,248,157.12,38965.76,38965.76
TRD001248,F002,A017,2026-04-10,Buy,341,181.39,61853.99,61853.99
TRD001249,F007,A009,2025-01-07,Buy,215,99.24,21336.6,21336.6
TRD001250,F007,A009,2026-03-14,Buy,14,89.06,1246.84,1246.84
TRD001251,F004,A020,2025-07-25,Sell,282,161.24,45469.68,-45469.68
TRD001252,F006,A020,2025-06-01,Buy,88,148.07,13030.16,13030.16
TRD001253,F003,A005,2025-02-10,Sell,23,128.29,2950.67,-2950.67
TRD001254,F006,A001,2025-08-24,Buy,177,312.26,55270.02,55270.02
TRD001255,F004,A020,2025-10-05,Buy,93,159.6,14842.8,14842.8
TRD001256,F004,A020,2026-03-27,Buy,23,145.54,3347.42,3347.42
TRD001257,F007,A009,2025-08-02,Buy,237,107.76,25539.12,25539.12
TRD001258,F008,A017,2026-01-25,Buy,214,161.35,34528.9,34528.9
TRD001259,F002,A017,2026-08-16,Sell,99,177.75,17597.25,-17597.25
TRD001260,F002,A017,2026-05-16,Sell,397,161.94,64290.18,-64290.18
TRD001261,F006,A016,2025-04-03,Sell,222,172.5,38295.0,-38295.0
TRD001262,F006,A018,2026-04-13,Buy,140,106.9,14966.0,14966.0
TRD001263,F007,A012,2025-04-13,Buy,214,63.87,13668.18,13668.18
TRD001264,F005,A001,2025-11-04,Buy,232,318.62,73919.84,73919.84
TRD001265,F002,A018,2026-04-28,Buy,339,116.54,39507.06,39507.06
TRD001266,F005,A014,2025-02-16,Buy,341,286.09,97556.69,97556.69
TRD001267,F004,A018,2026-06-16,Buy,299,90.92,27185.08,27185.08
TRD001268,F008,A016,2025-08-03,Sell,41,195.62,8020.42,-8020.42
TRD001269,F005,A003,2025-06-11,Buy,326,396.46,129245.96,129245.96
TRD001270,F003,A009,2025-07-05,Buy,389,106.07,41261.23,41261.23
TRD001271,F002,A017,2025-11-10,Buy,25,177.26,4431.5,4431.5
TRD001272,F006,A016,2025-01-27,Buy,328,179.92,59013.76,59013.76
TRD001273,F008,A016,2026-02-22,Buy,386,211.35,81581.1,81581.1
TRD001274,F007,A010,2025-12-24,Sell,90,96.57,8691.3,-8691.3
TRD001275,F002,A019,2026-05-03,Buy,43,293.17,12606.31,12606.31
TRD001276,F007,A012,2025-01-01,Buy,78,62.11,4844.58,4844.58
TRD001277,F008,A017,2026-07-07,Buy,75,167.96,12597.0,12597.0
TRD001278,F002,A019,2026-08-08,Buy,262,356.49,93400.38,93400.38
TRD001279,F004,A018,2025-08-19,Buy,422,120.77,50964.94,50964.94
TRD001280,F002,A018,2025-04-18,Buy,216,99.66,21526.56,21526.56
TRD001281,F005,A002,2025-12-03,Sell,383,183.22,70173.26,-70173.26
TRD001282,F008,A019,2026-08-15,Sell,312,333.72,104120.64,-104120.64
TRD001283,F005,A002,2025-05-29,Buy,177,170.77,30226.29,30226.29
TRD001284,F001,A008,2025-02-19,Sell,473,246.81,116741.13,-116741.13
TRD001285,F003,A001,2025-09-01,Buy,83,292.37,24266.71,24266.71
TRD001286,F006,A001,2025-12-19,Buy,302,279.4,84378.8,84378.8
TRD001287,F007,A012,2025-09-27,Buy,119,55.31,6581.89,6581.89
TRD001288,F002,A018,2026-06-11,Sell,153,111.59,17073.27,-17073.27
TRD001289,F006,A013,2026-05-15,Sell,140,284.91,39887.4,-39887.4
TRD001290,F008,A019,2025-12-17,Sell,59,348.46,20559.14,-20559.14
TRD001291,F005,A001,2025-01-27,Sell,410,269.67,110564.7,-110564.7
TRD001292,F003,A005,2025-04-24,Buy,126,145.12,18285.12,18285.12
TRD001293,F005,A002,2026-04-09,Buy,457,166.87,76259.59,76259.59
TRD001294,F002,A018,2026-06-08,Buy,103,103.34,10644.02,10644.02
TRD001295,F004,A018,2025-12-29,Buy,111,114.09,12663.99,12663.99
TRD001296,F003,A001,2026-07-07,Buy,419,283.82,118920.58,118920.58
TRD001297,F003,A016,2025-06-19,Buy,91,167.32,15226.12,15226.12
TRD001298,F004,A018,2026-03-11,Sell,286,120.76,34537.36,-34537.36
TRD001299,F005,A001,2026-02-04,Sell,495,272.66,134966.7,-134966.7
TRD001300,F007,A012,2025-11-04,Buy,249,53.1,13221.9,13221.9
TRD001301,F005,A014,2025-08-02,Sell,294,268.51,78941.94,-78941.94
TRD001302,F002,A017,2025-05-28,Buy,396,172.62,68357.52,68357.52
TRD001303,F003,A013,2026-03-06,Buy,210,324.88,68224.8,68224.8
TRD001304,F004,A018,2025-08-20,Sell,437,101.84,44504.08,-44504.08
TRD001305,F005,A002,2025-06-05,Buy,467,169.69,79245.23,79245.23
TRD001306,F003,A015,2025-05-01,Buy,399,125.77,50182.23,50182.23
TRD001307,F002,A018,2026-03-25,Buy,316,105.7,33401.2,33401.2
TRD001308,F002,A018,2025-06-07,Buy,390,110.14,42954.6,42954.6
TRD001309,F006,A016,2026-01-26,Sell,496,217.96,108108.16,-108108.16
TRD001310,F005,A001,2025-06-22,Sell,330,278.2,91806.0,-91806.0
TRD001311,F008,A017,2025-04-01,Sell,125,178.61,22326.25,-22326.25
TRD001312,F006,A013,2026-05-22,Sell,455,330.59,150418.45,-150418.45
TRD001313,F007,A012,2025-10-14,Sell,39,58.42,2278.38,-2278.38
TRD001314,F005,A003,2026-03-06,Buy,337,407.8,137428.6,137428.6
TRD001315,F005,A003,2026-05-13,Buy,52,347.4,18064.8,18064.8
TRD001316,F008,A016,2025-09-30,Buy,312,186.35,58141.2,58141.2
TRD001317,F008,A019,2026-01-20,Buy,320,365.32,116902.4,116902.4
TRD001318,F007,A009,2025-04-11,Buy,318,85.64,27233.52,27233.52
TRD001319,F002,A017,2026-03-08,Sell,194,181.65,35240.1,-35240.1
TRD001320,F001,A003,2026-04-17,Buy,341,442.02,150728.82,150728.82
TRD001321,F001,A004,2026-03-19,Buy,426,194.68,82933.68,82933.68
TRD001322,F001,A002,2025-12-03,Buy,300,158.11,47433.0,47433.0
TRD001323,F007,A009,2025-09-17,Buy,383,95.8,36691.4,36691.4
TRD001324,F006,A016,2025-02-18,Buy,137,177.39,24302.43,24302.43
TRD001325,F005,A002,2026-07-15,Buy,117,177.93,20817.81,20817.81
TRD001326,F007,A011,2026-05-27,Sell,409,174.54,71386.86,-71386.86
TRD001327,F006,A016,2025-08-22,Buy,325,192.31,62500.75,62500.75
TRD001328,F005,A001,2026-02-20,Buy,478,299.73,143270.94,143270.94
TRD001329,F008,A019,2025-07-27,Buy,105,357.27,37513.35,37513.35
TRD001330,F008,A017,2026-01-06,Sell,182,193.67,35247.94,-35247.94
TRD001331,F003,A016,2026-08-19,Buy,18,167.97,3023.46,3023.46
TRD001332,F005,A006,2025-03-19,Buy,285,145.14,41364.9,41364.9
TRD001333,F002,A018,2026-02-19,Sell,316,119.88,37882.08,-37882.08
TRD001334,F003,A016,2025-05-17,Sell,282,181.79,51264.78,-51264.78
TRD001335,F002,A018,2025-10-28,Buy,427,118.66,50667.82,50667.82
TRD001336,F002,A019,2025-02-11,Buy,125,326.02,40752.5,40752.5
TRD001337,F003,A015,2025-08-13,Buy,23,132.41,3045.43,3045.43
TRD001338,F004,A020,2025-05-29,Buy,341,178.57,60892.37,60892.37
TRD001339,F004,A018,2026-03-26,Buy,449,110.21,49484.29,49484.29
TRD001340,F004,A020,2026-08-18,Buy,105,180.35,18936.75,18936.75
TRD001341,F007,A011,2026-01-08,Sell,371,173.65,64424.15,-64424.15
TRD001342,F005,A005,2025-08-29,Buy,199,121.86,24250.14,24250.14
TRD001343,F006,A001,2025-11-26,Sell,500,297.31,148655.0,-148655.0
TRD001344,F004,A018,2026-06-04,Sell,59,122.01,7198.59,-7198.59
TRD001345,F006,A001,2025-08-22,Sell,423,308.53,130508.19,-130508.19
TRD001346,F004,A020,2025-02-24,Buy,147,166.95,24541.65,24541.65
TRD001347,F008,A017,2025-06-25,Buy,312,173.99,54284.88,54284.88
TRD001348,F008,A019,2025-12-22,Buy,342,287.71,98396.82,98396.82
TRD001349,F003,A005,2025-10-10,Buy,359,121.47,43607.73,43607.73
TRD001350,F001,A008,2025-05-17,Sell,316,225.83,71362.28,-71362.28
TRD001351,F004,A020,2025-11-08,Buy,168,165.19,27751.92,27751.92
TRD001352,F007,A010,2025-11-19,Sell,402,111.03,44634.06,-44634.06
TRD001353,F001,A008,2025-05-03,Sell,396,216.83,85864.68,-85864.68
TRD001354,F002,A018,2025-06-15,Sell,42,107.57,4517.94,-4517.94
TRD001355,F004,A018,2026-05-22,Sell,437,96.42,42135.54,-42135.54
TRD001356,F006,A001,2026-08-11,Sell,58,318.63,18480.54,-18480.54
TRD001357,F007,A012,2025-05-22,Sell,205,59.41,12179.05,-12179.05
TRD001358,F003,A005,2026-03-17,Sell,169,121.5,20533.5,-20533.5
TRD001359,F008,A016,2025-07-25,Buy,104,176.47,18352.88,18352.88
TRD001360,F002,A019,2026-06-21,Buy,241,356.8,85988.8,85988.8
TRD001361,F001,A007,2025-04-08,Buy,40,187.4,7496.0,7496.0
TRD001362,F001,A001,2025-01-29,Sell,177,271.3,48020.1,-48020.1
TRD001363,F006,A001,2026-05-26,Buy,499,253.4,126446.6,126446.6
TRD001364,F004,A020,2025-06-08,Buy,59,181.54,10710.86,10710.86
TRD001365,F003,A020,2025-07-01,Buy,371,180.26,66876.46,66876.46
TRD001366,F008,A016,2026-07-05,Sell,328,163.82,53732.96,-53732.96
TRD001367,F002,A019,2025-12-24,Buy,488,310.98,151758.24,151758.24
TRD001368,F003,A005,2025-06-08,Sell,264,115.33,30447.12,-30447.12
TRD001369,F006,A018,2026-02-03,Sell,485,111.69,54169.65,-54169.65
TRD001370,F002,A018,2025-09-10,Buy,293,92.72,27166.96,27166.96
TRD001371,F004,A020,2025-02-12,Buy,106,177.72,18838.32,18838.32
TRD001372,F008,A019,2025-04-12,Sell,372,357.08,132833.76,-132833.76
TRD001373,F002,A018,2026-06-24,Buy,345,100.88,34803.6,34803.6
TRD001374,F007,A010,2026-04-04,Sell,154,103.81,15986.74,-15986.74
TRD001375,F005,A014,2026-01-22,Buy,228,248.28,56607.84,56607.84
TRD001376,F001,A004,2026-05-11,Buy,63,168.8,10634.4,10634.4
TRD001377,F005,A005,2025-02-26,Buy,412,137.34,56584.08,56584.08
TRD001378,F001,A002,2026-08-08,Buy,494,153.31,75735.14,75735.14
TRD001379,F006,A001,2025-11-07,Buy,283,241.22,68265.26,68265.26
TRD001380,F006,A020,2026-03-21,Sell,36,179.17,6450.12,-6450.12
TRD001381,F003,A016,2025-08-08,Buy,358,201.49,72133.42,72133.42
TRD001382,F003,A013,2025-07-28,Buy,374,283.05,105860.7,105860.7
TRD001383,F001,A001,2025-04-30,Sell,482,271.03,130636.46,-130636.46
TRD001384,F001,A002,2025-12-05,Sell,347,191.31,66384.57,-66384.57
TRD001385,F007,A010,2026-02-16,Buy,200,123.48,24696.0,24696.0
TRD001386,F003,A013,2026-03-09,Buy,328,314.31,103093.68,103093.68
TRD001387,F005,A002,2025-10-07,Buy,491,194.72,95607.52,95607.52
TRD001388,F001,A004,2025-10-12,Sell,431,173.73,74877.63,-74877.63
TRD001389,F004,A020,2026-02-09,Buy,139,168.22,23382.58,23382.58
TRD001390,F008,A016,2025-03-14,Buy,349,200.94,70128.06,70128.06
TRD001391,F002,A017,2025-03-10,Buy,471,192.89,90851.19,90851.19
TRD001392,F006,A013,2026-02-12,Buy,493,320.73,158119.89,158119.89
TRD001393,F005,A003,2025-04-22,Sell,448,415.41,186103.68,-186103.68
TRD001394,F007,A010,2026-05-25,Buy,496,96.12,47675.52,47675.52
TRD001395,F001,A004,2025-08-23,Buy,255,157.45,40149.75,40149.75
TRD001396,F007,A010,2025-03-11,Buy,52,118.37,6155.24,6155.24
TRD001397,F006,A018,2025-02-12,Buy,388,95.19,36933.72,36933.72
TRD001398,F004,A018,2026-08-06,Buy,381,100.8,38404.8,38404.8
TRD001399,F003,A016,2025-06-29,Buy,450,215.82,97119.0,97119.0
TRD001400,F004,A018,2025-10-26,Buy,210,102.78,21583.8,21583.8
TRD001401,F004,A018,2026-03-26,Buy,331,96.84,32054.04,32054.04
TRD001402,F008,A016,2026-06-26,Buy,441,175.63,77452.83,77452.83
TRD001403,F003,A009,2025-02-28,Buy,290,110.58,32068.2,32068.2
TRD001404,F002,A019,2025-06-23,Sell,275,335.15,92166.25,-92166.25
TRD001405,F006,A016,2025-04-17,Buy,29,169.79,4923.91,4923.91
TRD001406,F001,A004,2026-02-01,Sell,11,181.71,1998.81,-1998.81
TRD001407,F002,A017,2026-08-01,Buy,400,184.22,73688.0,73688.0
TRD001408,F001,A008,2026-08-09,Buy,431,254.36,109629.16,109629.16
TRD001409,F005,A014,2025-09-01,Buy,325,246.94,80255.5,80255.5
TRD001410,F005,A003,2025-06-06,Buy,335,401.36,134455.6,134455.6
TRD001411,F006,A013,2025-06-28,Sell,83,280.05,23244.15,-23244.15
TRD001412,F007,A011,2025-01-22,Buy,461,143.2,66015.2,66015.2
TRD001413,F005,A002,2026-07-09,Sell,31,172.76,5355.56,-5355.56
TRD001414,F007,A010,2025-08-02,Sell,440,113.89,50111.6,-50111.6
TRD001415,F007,A012,2026-03-31,Sell,245,60.03,14707.35,-14707.35
TRD001416,F008,A017,2026-02-13,Buy,182,168.13,30599.66,30599.66
TRD001417,F004,A018,2026-08-06,Buy,121,113.42,13723.82,13723.82
TRD001418,F006,A018,2026-02-23,Buy,290,118.21,34280.9,34280.9
TRD001419,F005,A002,2025-04-22,Buy,211,156.04,32924.44,32924.44
TRD001420,F008,A017,2026-02-27,Buy,473,195.11,92287.03,92287.03
TRD001421,F004,A020,2026-01-29,Sell,292,182.41,53263.72,-53263.72
TRD001422,F007,A010,2025-07-31,Buy,492,107.85,53062.2,53062.2
TRD001423,F003,A015,2025-06-09,Buy,391,139.82,54669.62,54669.62
TRD001424,F004,A018,2025-09-09,Sell,220,100.75,22165.0,-22165.0
TRD001425,F003,A020,2026-06-28,Sell,171,168.72,28851.12,-28851.12
TRD001426,F001,A008,2025-03-29,Buy,59,245.94,14510.46,14510.46
TRD001427,F001,A003,2026-01-01,Buy,446,356.8,159132.8,159132.8
TRD001428,F003,A013,2026-01-07,Buy,167,329.76,55069.92,55069.92
TRD001429,F006,A020,2026-05-02,Buy,473,179.39,84851.47,84851.47
TRD001430,F003,A015,2026-07-30,Buy,165,116.77,19267.05,19267.05
TRD001431,F003,A009,2026-02-24,Buy,222,85.95,19080.9,19080.9
TRD001432,F008,A019,2025-09-13,Sell,153,350.65,53649.45,-53649.45
TRD001433,F003,A020,2025-05-19,Sell,59,175.84,10374.56,-10374.56
TRD001434,F008,A017,2025-01-21,Buy,254,159.85,40601.9,40601.9
TRD001435,F006,A018,2026-04-04,Sell,309,108.92,33656.28,-33656.28
TRD001436,F008,A019,2025-12-14,Sell,300,316.2,94860.0,-94860.0
TRD001437,F006,A001,2025-11-04,Buy,100,250.24,25024.0,25024.0
TRD001438,F003,A005,2025-07-21,Sell,488,138.11,67397.68,-67397.68
TRD001439,F006,A016,2025-03-27,Buy,374,206.83,77354.42,77354.42
TRD001440,F008,A016,2026-03-04,Sell,328,212.43,69677.04,-69677.04
TRD001441,F006,A016,2026-06-17,Sell,108,190.9,20617.2,-20617.2
TRD001442,F001,A004,2025-02-23,Buy,173,200.06,34610.38,34610.38
TRD001443,F005,A003,2025-12-12,Buy,239,467.41,111710.99,111710.99
TRD001444,F008,A019,2025-02-02,Buy,51,315.11,16070.61,16070.61
TRD001445,F001,A008,2026-01-25,Buy,303,193.79,58718.37,58718.37
TRD001446,F008,A017,2025-10-04,Buy,208,152.7,31761.6,31761.6
TRD001447,F006,A016,2026-03-11,Buy,421,190.85,80347.85,80347.85
TRD001448,F006,A013,2025-09-25,Buy,492,285.38,140406.96,140406.96
TRD001449,F008,A017,2026-04-06,Sell,146,155.21,22660.66,-22660.66
TRD001450,F002,A018,2026-06-06,Sell,477,100.82,48091.14,-48091.14
TRD001451,F001,A002,2025-09-06,Buy,422,188.61,79593.42,79593.42
TRD001452,F006,A001,2025-08-31,Sell,88,287.08,25263.04,-25263.04
TRD001453,F002,A017,2025-12-16,Sell,380,151.5,57570.0,-57570.0
TRD001454,F002,A017,2026-04-17,Buy,308,184.1,56702.8,56702.8
TRD001455,F006,A001,2025-05-23,Buy,323,249.15,80475.45,80475.45
TRD001456,F002,A017,2025-04-04,Buy,56,189.0,10584.0,10584.0
TRD001457,F004,A018,2026-02-01,Buy,35,113.56,3974.6,3974.6
TRD001458,F004,A020,2026-05-23,Buy,428,148.48,63549.44,63549.44
TRD001459,F003,A020,2025-03-04,Buy,157,174.66,27421.62,27421.62
TRD001460,F001,A001,2025-09-27,Buy,100,321.0,32100.0,32100.0
TRD001461,F004,A018,2025-07-12,Buy,369,114.99,42431.31,42431.31
TRD001462,F006,A013,2025-10-31,Buy,93,289.73,26944.89,26944.89
TRD001463,F005,A002,2025-12-20,Sell,228,161.8,36890.4,-36890.4
TRD001464,F001,A008,2025-09-15,Buy,465,258.25,120086.25,120086.25
TRD001465,F003,A005,2025-12-19,Sell,41,110.36,4524.76,-4524.76
TRD001466,F001,A007,2025-03-23,Buy,396,194.59,77057.64,77057.64
TRD001467,F008,A016,2025-11-23,Buy,391,200.08,78231.28,78231.28
TRD001468,F006,A020,2026-08-06,Buy,357,185.81,66334.17,66334.17
TRD001469,F006,A018,2026-05-07,Buy,193,114.37,22073.41,22073.41
TRD001470,F005,A005,2025-07-14,Buy,170,128.77,21890.9,21890.9
TRD001471,F003,A001,2026-04-22,Sell,363,268.62,97509.06,-97509.06
TRD001472,F006,A018,2026-04-21,Buy,247,118.41,29247.27,29247.27
TRD001473,F003,A018,2025-05-23,Sell,224,121.0,27104.0,-27104.0
TRD001474,F007,A010,2026-03-21,Sell,214,105.31,22536.34,-22536.34
TRD001475,F003,A009,2025-08-11,Buy,313,110.05,34445.65,34445.65
TRD001476,F007,A012,2025-07-22,Buy,86,52.24,4492.64,4492.64
TRD001477,F007,A010,2026-07-17,Buy,165,120.59,19897.35,19897.35
TRD001478,F004,A020,2026-03-20,Buy,320,174.27,55766.4,55766.4
TRD001479,F003,A020,2025-04-19,Buy,350,141.74,49609.0,49609.0
TRD001480,F006,A018,2025-08-29,Buy,321,99.88,32061.48,32061.48
TRD001481,F008,A016,2025-11-12,Buy,223,189.59,42278.57,42278.57
TRD001482,F006,A016,2025-05-05,Buy,360,196.89,70880.4,70880.4
TRD001483,F005,A003,2025-05-12,Buy,381,391.39,149119.59,149119.59
TRD001484,F008,A016,2026-03-04,Buy,19,187.11,3555.09,3555.09
TRD001485,F006,A013,2025-11-17,Buy,475,332.56,157966.0,157966.0
TRD001486,F008,A017,2025-12-06,Buy,294,168.92,49662.48,49662.48
TRD001487,F003,A016,2025-08-23,Sell,410,197.7,81057.0,-81057.0
TRD001488,F004,A018,2025-01-20,Buy,260,108.64,28246.4,28246.4
TRD001489,F002,A019,2025-11-26,Buy,394,296.74,116915.56,116915.56
TRD001490,F008,A017,2025-09-30,Buy,318,198.7,63186.6,63186.6
TRD001491,F007,A010,2025-05-27,Buy,415,118.62,49227.3,49227.3
TRD001492,F001,A004,2025-01-04,Buy,136,163.55,22242.8,22242.8
TRD001493,F008,A019,2025-11-24,Buy,84,359.97,30237.48,30237.48
TRD001494,F006,A020,2025-07-12,Sell,462,165.09,76271.58,-76271.58
TRD001495,F002,A019,2025-07-19,Buy,385,288.01,110883.85,110883.85
TRD001496,F005,A002,2025-01-12,Buy,414,168.36,69701.04,69701.04
TRD001497,F004,A018,2026-03-08,Buy,161,91.44,14721.84,14721.84
TRD001498,F008,A016,2026-07-23,Buy,238,197.31,46959.78,46959.78
TRD001499,F008,A017,2026-04-12,Buy,65,200.64,13041.6,13041.6
TRD001500,F008,A017,2025-11-27,Sell,93,181.99,16925.07,-16925.07
