transactionid,investorid,fundid,transactiondate,transactiontype,amount,currency
ITX000001,INV0059,F005,2025-11-10,Subscription,17914.62,EUR
ITX000002,INV0025,F006,2025-05-03,Subscription,6472.47,EUR
ITX000003,INV0089,F003,2025-07-16,Subscription,47568.44,EUR
ITX000004,INV0093,F005,2025-04-13,Subscription,24467.83,EUR
ITX000005,INV0047,F003,2025-11-06,Redemption,-15164.2,EUR
ITX000006,INV0036,F001,2025-02-25,Subscription,26939.69,EUR
ITX000007,INV0017,F008,2025-04-16,Subscription,35022.16,EUR
ITX000008,INV0061,F008,2026-03-28,Redemption,-28916.18,EUR
ITX000009,INV0033,F008,2025-04-27,Subscription,48292.13,EUR
ITX000010,INV0010,F001,2025-06-05,Redemption,-20335.02,EUR
ITX000011,INV0039,F002,2025-09-12,Subscription,28360.56,EUR
ITX000012,INV0078,F004,2026-06-20,Subscription,38339.95,EUR
ITX000013,INV0039,F007,2025-11-09,Subscription,45470.97,EUR
ITX000014,INV0095,F002,2025-08-01,Subscription,3481.4,EUR
ITX000015,INV0011,F003,2025-09-03,Subscription,13599.98,EUR
ITX000016,INV0001,F007,2026-04-07,Subscription,4215.71,EUR
ITX000017,INV0005,F004,2025-10-23,Subscription,23760.67,EUR
ITX000018,INV0059,F002,2025-08-28,Subscription,35297.88,EUR
ITX000019,INV0081,F004,2026-03-12,Redemption,-39497.49,EUR
ITX000020,INV0020,F005,2025-05-26,Subscription,11628.07,EUR
ITX000021,INV0040,F005,2026-03-26,Subscription,8713.18,EUR
ITX000022,INV0090,F007,2025-10-06,Subscription,34589.56,EUR
ITX000023,INV0011,F001,2026-03-19,Subscription,24942.86,EUR
ITX000024,INV0004,F002,2025-08-23,Subscription,30383.83,EUR
ITX000025,INV0074,F001,2025-10-03,Redemption,-41879.95,EUR
ITX000026,INV0023,F008,2026-06-16,Subscription,38273.9,EUR
ITX000027,INV0024,F007,2026-05-19,Subscription,45845.6,EUR
ITX000028,INV0053,F006,2025-11-25,Redemption,-23765.51,EUR
ITX000029,INV0043,F007,2026-05-23,Subscription,42957.79,EUR
ITX000030,INV0098,F001,2026-04-11,Subscription,47287.08,EUR
ITX000031,INV0015,F007,2026-06-11,Subscription,12993.74,EUR
ITX000032,INV0070,F008,2026-02-28,Redemption,-556.98,EUR
ITX000033,INV0080,F008,2026-03-29,Subscription,26162.75,EUR
ITX000034,INV0071,F003,2025-10-22,Subscription,10576.13,EUR
ITX000035,INV0016,F001,2025-09-03,Subscription,35063.38,EUR
ITX000036,INV0002,F007,2025-04-06,Subscription,15882.13,EUR
ITX000037,INV0015,F008,2025-05-01,Subscription,42149.58,EUR
ITX000038,INV0092,F005,2026-06-06,Subscription,8121.57,EUR
ITX000039,INV0062,F008,2025-09-07,Subscription,21066.77,EUR
ITX000040,INV0025,F003,2025-03-13,Subscription,7659.78,EUR
ITX000041,INV0054,F006,2026-06-04,Subscription,39605.31,EUR
ITX000042,INV0093,F005,2026-08-17,Subscription,626.98,EUR
ITX000043,INV0020,F008,2026-07-06,Redemption,-24737.2,EUR
ITX000044,INV0098,F007,2026-04-12,Subscription,16955.78,EUR
ITX000045,INV0090,F004,2026-08-09,Redemption,-43545.28,EUR
ITX000046,INV0053,F001,2025-11-22,Subscription,42872.64,EUR
ITX000047,INV0049,F007,2025-06-05,Subscription,35408.78,EUR
ITX000048,INV0065,F006,2025-04-13,Subscription,2332.47,EUR
ITX000049,INV0068,F008,2025-01-16,Redemption,-22295.16,EUR
ITX000050,INV0084,F003,2025-03-18,Subscription,20793.94,EUR
ITX000051,INV0044,F007,2025-03-24,Subscription,48475.58,EUR
ITX000052,INV0069,F007,2025-11-21,Redemption,-42690.9,EUR
ITX000053,INV0063,F001,2025-03-12,Subscription,44428.21,EUR
ITX000054,INV0037,F004,2025-04-03,Subscription,34377.78,EUR
ITX000055,INV0082,F002,2026-03-31,Subscription,5372.93,EUR
ITX000056,INV0004,F001,2025-11-29,Subscription,15323.57,EUR
ITX000057,INV0048,F007,2025-05-30,Subscription,15021.7,EUR
ITX000058,INV0088,F003,2025-06-24,Subscription,20896.56,EUR
ITX000059,INV0049,F004,2026-05-25,Subscription,30669.84,EUR
ITX000060,INV0060,F005,2026-04-16,Redemption,-7584.33,EUR
ITX000061,INV0060,F005,2026-07-14,Subscription,965.17,EUR
ITX000062,INV0045,F005,2026-03-11,Subscription,22365.62,EUR
ITX000063,INV0039,F004,2026-01-29,Subscription,23113.37,EUR
ITX000064,INV0049,F006,2026-08-12,Redemption,-5779.34,EUR
ITX000065,INV0003,F007,2025-10-09,Subscription,35114.31,EUR
ITX000066,INV0100,F001,2026-05-24,Subscription,43320.84,EUR
ITX000067,INV0100,F004,2025-12-27,Redemption,-45195.28,EUR
ITX000068,INV0033,F003,2025-04-10,Subscription,9911.53,EUR
ITX000069,INV0040,F008,2025-02-04,Redemption,-32493.86,EUR
ITX000070,INV0012,F005,2025-12-01,Subscription,36751.81,EUR
ITX000071,INV0017,F006,2026-06-28,Subscription,9194.18,EUR
ITX000072,INV0022,F005,2026-05-09,Subscription,13990.1,EUR
ITX000073,INV0044,F002,2026-04-25,Redemption,-15109.5,EUR
ITX000074,INV0029,F007,2026-07-25,Redemption,-7467.47,EUR
ITX000075,INV0002,F005,2026-07-04,Subscription,39638.76,EUR
ITX000076,INV0096,F005,2026-01-26,Subscription,18744.99,EUR
ITX000077,INV0014,F004,2026-04-28,Redemption,-47044.45,EUR
ITX000078,INV0072,F006,2025-08-15,Subscription,44269.62,EUR
ITX000079,INV0060,F005,2026-02-23,Subscription,31952.49,EUR
ITX000080,INV0005,F005,2026-05-20,Subscription,2744.67,EUR
ITX000081,INV0069,F003,2026-02-02,Subscription,12122.6,EUR
ITX000082,INV0096,F007,2025-06-08,Subscription,33689.07,EUR
ITX000083,INV0063,F007,2025-10-14,Redemption,-32918.63,EUR
ITX000084,INV0057,F008,2025-08-30,Subscription,18841.23,EUR
ITX000085,INV0088,F006,2026-07-12,Redemption,-5418.05,EUR
ITX000086,INV0008,F007,2025-10-10,Redemption,-32418.93,EUR
ITX000087,INV0059,F002,2025-08-06,Subscription,6546.91,EUR
ITX000088,INV0003,F001,2025-12-08,Subscription,30058.72,EUR
ITX000089,INV0073,F004,2025-03-12,Subscription,6733.23,EUR
ITX000090,INV0076,F004,2025-08-27,Redemption,-27933.29,EUR
ITX000091,INV0077,F001,2025-10-11,Subscription,7803.93,EUR
ITX000092,INV0017,F005,2025-06-28,Redemption,-7662.06,EUR
ITX000093,INV0017,F001,2026-01-02,Subscription,43389.17,EUR
ITX000094,INV0042,F001,2025-06-28,Subscription,12277.61,EUR
ITX000095,INV0054,F002,2025-03-07,Subscription,6774.55,EUR
ITX000096,INV0066,F002,2026-04-08,Subscription,39011.84,EUR
ITX000097,INV0006,F005,2026-04-15,Subscription,47298.07,EUR
ITX000098,INV0062,F007,2026-03-13,Subscription,2041.96,EUR
ITX000099,INV0057,F002,2025-03-24,Subscription,24768.31,EUR
ITX000100,INV0017,F005,2026-07-16,Subscription,7842.52,EUR
ITX000101,INV0077,F005,2026-04-10,Subscription,19354.77,EUR
ITX000102,INV0090,F002,2026-07-19,Subscription,21794.87,EUR
ITX000103,INV0058,F004,2026-02-28,Subscription,11143.64,EUR
ITX000104,INV0054,F002,2025-11-17,Subscription,22948.2,EUR
ITX000105,INV0048,F003,2026-05-01,Subscription,33422.84,EUR
ITX000106,INV0012,F007,2025-04-09,Subscription,41672.71,EUR
ITX000107,INV0017,F001,2026-07-30,Subscription,18946.02,EUR
ITX000108,INV0053,F006,2026-03-10,Subscription,33665.66,EUR
ITX000109,INV0037,F005,2025-12-27,Redemption,-36192.5,EUR
ITX000110,INV0020,F008,2025-08-18,Subscription,25616.92,EUR
ITX000111,INV0072,F006,2025-04-28,Redemption,-17830.64,EUR
ITX000112,INV0055,F001,2025-10-01,Subscription,28917.95,EUR
ITX000113,INV0098,F005,2025-12-14,Subscription,14026.88,EUR
ITX000114,INV0019,F007,2025-03-13,Subscription,9479.58,EUR
ITX000115,INV0004,F002,2026-06-28,Subscription,31842.01,EUR
ITX000116,INV0044,F003,2026-01-14,Subscription,21281.71,EUR
ITX000117,INV0073,F002,2025-02-23,Subscription,16556.95,EUR
ITX000118,INV0007,F002,2025-10-06,Subscription,37844.58,EUR
ITX000119,INV0078,F008,2026-03-01,Subscription,21488.73,EUR
ITX000120,INV0015,F006,2026-03-17,Subscription,37869.69,EUR
ITX000121,INV0076,F008,2026-06-24,Subscription,34071.79,EUR
ITX000122,INV0051,F001,2025-01-08,Subscription,2748.16,EUR
ITX000123,INV0099,F003,2025-09-19,Subscription,47293.54,EUR
ITX000124,INV0064,F007,2025-06-29,Subscription,6439.23,EUR
ITX000125,INV0030,F006,2025-03-15,Subscription,26862.83,EUR
ITX000126,INV0056,F001,2026-04-16,Subscription,37231.05,EUR
ITX000127,INV0074,F007,2026-08-11,Redemption,-43174.45,EUR
ITX000128,INV0038,F002,2026-02-19,Subscription,32187.01,EUR
ITX000129,INV0080,F008,2026-01-06,Subscription,16576.02,EUR
ITX000130,INV0032,F007,2026-02-15,Subscription,42301.98,EUR
ITX000131,INV0040,F006,2025-08-15,Subscription,20090.45,EUR
ITX000132,INV0066,F002,2026-06-28,Subscription,8822.57,EUR
ITX000133,INV0045,F006,2025-06-01,Subscription,45343.18,EUR
ITX000134,INV0026,F003,2025-06-06,Subscription,7748.99,EUR
ITX000135,INV0023,F008,2026-04-21,Subscription,32947.7,EUR
ITX000136,INV0058,F006,2025-11-20,Subscription,38113.92,EUR
ITX000137,INV0057,F005,2025-10-09,Subscription,3880.17,EUR
ITX000138,INV0010,F005,2026-04-18,Subscription,17921.14,EUR
ITX000139,INV0037,F002,2025-04-03,Subscription,3316.06,EUR
ITX000140,INV0060,F001,2026-04-06,Subscription,25599.86,EUR
ITX000141,INV0025,F006,2026-05-03,Redemption,-28797.01,EUR
ITX000142,INV0058,F002,2025-12-18,Subscription,47907.26,EUR
ITX000143,INV0083,F003,2025-02-10,Redemption,-4674.29,EUR
ITX000144,INV0057,F003,2026-01-08,Subscription,22169.03,EUR
ITX000145,INV0053,F006,2025-02-23,Subscription,14503.23,EUR
ITX000146,INV0009,F006,2025-04-07,Subscription,32541.62,EUR
ITX000147,INV0033,F003,2025-12-08,Subscription,19634.93,EUR
ITX000148,INV0045,F005,2026-02-06,Subscription,33348.8,EUR
ITX000149,INV0011,F005,2026-07-27,Subscription,35587.28,EUR
ITX000150,INV0017,F002,2026-03-10,Subscription,39687.27,EUR
ITX000151,INV0040,F003,2025-08-08,Subscription,1402.41,EUR
ITX000152,INV0025,F004,2025-05-21,Subscription,38424.73,EUR
ITX000153,INV0013,F001,2025-12-11,Subscription,15141.71,EUR
ITX000154,INV0077,F007,2025-06-07,Redemption,-31092.56,EUR
ITX000155,INV0099,F003,2026-03-25,Subscription,41651.58,EUR
ITX000156,INV0093,F004,2026-03-31,Subscription,18532.82,EUR
ITX000157,INV0058,F004,2026-07-01,Subscription,37743.36,EUR
ITX000158,INV0061,F004,2026-01-12,Subscription,48297.03,EUR
ITX000159,INV0057,F008,2025-10-16,Subscription,28735.76,EUR
ITX000160,INV0054,F003,2025-07-24,Subscription,25393.88,EUR
ITX000161,INV0033,F001,2026-05-08,Subscription,7350.73,EUR
ITX000162,INV0014,F002,2025-10-19,Redemption,-27949.77,EUR
ITX000163,INV0058,F003,2026-03-24,Subscription,8435.46,EUR
ITX000164,INV0058,F006,2025-01-28,Subscription,45570.0,EUR
ITX000165,INV0048,F004,2026-01-31,Subscription,20124.47,EUR
ITX000166,INV0004,F006,2025-04-12,Redemption,-19058.18,EUR
ITX000167,INV0019,F003,2025-02-09,Redemption,-32673.05,EUR
ITX000168,INV0090,F003,2026-04-26,Subscription,41573.2,EUR
ITX000169,INV0011,F001,2025-09-20,Subscription,759.93,EUR
ITX000170,INV0094,F007,2025-04-24,Subscription,7901.22,EUR
ITX000171,INV0016,F001,2025-09-02,Subscription,12263.19,EUR
ITX000172,INV0059,F002,2025-04-24,Subscription,39798.01,EUR
ITX000173,INV0069,F001,2026-06-12,Redemption,-25241.55,EUR
ITX000174,INV0038,F007,2025-01-02,Subscription,36067.94,EUR
ITX000175,INV0054,F003,2025-03-29,Subscription,12407.93,EUR
ITX000176,INV0068,F001,2026-02-04,Subscription,18349.89,EUR
ITX000177,INV0050,F006,2025-09-17,Redemption,-2654.95,EUR
ITX000178,INV0009,F006,2025-09-04,Subscription,18176.15,EUR
ITX000179,INV0099,F006,2025-05-17,Subscription,31598.72,EUR
ITX000180,INV0083,F003,2026-04-21,Subscription,27527.68,EUR
ITX000181,INV0024,F003,2025-03-06,Redemption,-24187.29,EUR
ITX000182,INV0005,F005,2025-07-26,Subscription,47208.45,EUR
ITX000183,INV0006,F006,2025-11-14,Subscription,10373.76,EUR
ITX000184,INV0070,F008,2025-09-17,Subscription,49461.57,EUR
ITX000185,INV0037,F006,2025-02-18,Subscription,32521.57,EUR
ITX000186,INV0016,F006,2026-03-24,Redemption,-16930.27,EUR
ITX000187,INV0050,F006,2025-07-11,Redemption,-37293.73,EUR
ITX000188,INV0067,F005,2025-03-26,Subscription,25127.41,EUR
ITX000189,INV0078,F003,2026-07-13,Subscription,4406.89,EUR
ITX000190,INV0042,F005,2025-11-10,Subscription,5578.6,EUR
ITX000191,INV0022,F008,2025-12-26,Subscription,36024.31,EUR
ITX000192,INV0046,F007,2025-10-09,Subscription,36477.31,EUR
ITX000193,INV0008,F002,2026-02-20,Subscription,39678.15,EUR
ITX000194,INV0087,F003,2025-02-01,Subscription,40154.25,EUR
ITX000195,INV0057,F001,2025-05-10,Subscription,30574.86,EUR
ITX000196,INV0047,F006,2026-01-28,Subscription,39036.51,EUR
ITX000197,INV0020,F008,2026-01-15,Redemption,-2103.07,EUR
ITX000198,INV0074,F003,2026-06-27,Subscription,38272.68,EUR
ITX000199,INV0036,F004,2025-04-27,Subscription,16062.08,EUR
ITX000200,INV0067,F007,2026-07-30,Subscription,9709.38,EUR
ITX000201,INV0091,F008,2025-08-08,Subscription,38860.74,EUR
ITX000202,INV0063,F004,2025-05-06,Redemption,-14636.06,EUR
ITX000203,INV0023,F008,2025-03-31,Subscription,4165.58,EUR
ITX000204,INV0041,F006,2025-03-08,Subscription,48394.28,EUR
ITX000205,INV0039,F003,2025-06-28,Subscription,14872.93,EUR
ITX000206,INV0016,F004,2025-05-23,Subscription,25683.41,EUR
ITX000207,INV0047,F006,2026-04-24,Subscription,24954.09,EUR
ITX000208,INV0079,F002,2025-03-09,Subscription,27806.52,EUR
ITX000209,INV0093,F008,2026-06-23,Subscription,49979.95,EUR
ITX000210,INV0074,F002,2025-05-09,Subscription,20766.96,EUR
ITX000211,INV0058,F008,2026-06-14,Redemption,-32295.76,EUR
ITX000212,INV0100,F003,2025-05-13,Subscription,43959.03,EUR
ITX000213,INV0008,F002,2026-06-15,Subscription,45580.26,EUR
ITX000214,INV0042,F004,2025-12-21,Subscription,8650.53,EUR
ITX000215,INV0037,F002,2025-09-14,Redemption,-26185.44,EUR
ITX000216,INV0036,F003,2025-11-07,Subscription,47839.41,EUR
ITX000217,INV0083,F003,2026-08-18,Subscription,5124.71,EUR
ITX000218,INV0093,F006,2026-08-01,Subscription,33107.28,EUR
ITX000219,INV0011,F001,2026-08-14,Subscription,43257.17,EUR
ITX000220,INV0074,F007,2025-02-01,Subscription,10935.01,EUR
ITX000221,INV0038,F005,2026-05-10,Subscription,31544.62,EUR
ITX000222,INV0052,F005,2026-04-10,Subscription,40463.79,EUR
ITX000223,INV0057,F007,2026-05-11,Subscription,3465.7,EUR
ITX000224,INV0019,F006,2025-11-23,Subscription,17339.53,EUR
ITX000225,INV0052,F003,2026-01-15,Subscription,43108.48,EUR
ITX000226,INV0031,F008,2025-05-06,Subscription,5756.1,EUR
ITX000227,INV0013,F001,2025-10-25,Subscription,12771.98,EUR
ITX000228,INV0054,F004,2025-06-13,Redemption,-43276.11,EUR
ITX000229,INV0093,F006,2025-07-14,Subscription,46720.7,EUR
ITX000230,INV0066,F008,2026-05-26,Subscription,25164.14,EUR
ITX000231,INV0012,F007,2026-06-02,Redemption,-25119.83,EUR
ITX000232,INV0075,F006,2025-02-19,Subscription,12416.07,EUR
ITX000233,INV0084,F008,2025-10-20,Subscription,24997.26,EUR
ITX000234,INV0056,F003,2025-09-28,Subscription,42435.03,EUR
ITX000235,INV0047,F001,2026-02-15,Subscription,38310.91,EUR
ITX000236,INV0047,F005,2025-03-17,Subscription,28309.93,EUR
ITX000237,INV0071,F005,2025-05-02,Subscription,22792.54,EUR
ITX000238,INV0048,F006,2026-07-26,Subscription,5285.73,EUR
ITX000239,INV0026,F007,2026-05-28,Redemption,-37870.78,EUR
ITX000240,INV0092,F006,2026-05-01,Subscription,2426.24,EUR
ITX000241,INV0066,F003,2025-12-02,Subscription,7872.56,EUR
ITX000242,INV0051,F005,2025-12-11,Redemption,-16267.24,EUR
ITX000243,INV0063,F005,2026-05-02,Subscription,25730.85,EUR
ITX000244,INV0087,F002,2026-03-03,Subscription,18733.71,EUR
ITX000245,INV0093,F001,2026-05-01,Subscription,39939.36,EUR
ITX000246,INV0100,F004,2025-02-22,Subscription,32951.75,EUR
ITX000247,INV0081,F007,2025-06-01,Subscription,8940.35,EUR
ITX000248,INV0074,F002,2025-07-15,Redemption,-12488.73,EUR
ITX000249,INV0020,F007,2025-07-28,Subscription,16027.78,EUR
ITX000250,INV0061,F001,2025-05-22,Subscription,38861.13,EUR
ITX000251,INV0085,F008,2026-06-23,Subscription,28263.9,EUR
ITX000252,INV0059,F006,2026-07-14,Subscription,47855.93,EUR
ITX000253,INV0093,F005,2026-05-11,Subscription,38713.49,EUR
ITX000254,INV0072,F005,2025-08-19,Subscription,12702.7,EUR
ITX000255,INV0099,F005,2025-08-01,Redemption,-49121.88,EUR
ITX000256,INV0062,F006,2026-07-28,Subscription,24705.65,EUR
ITX000257,INV0036,F005,2025-05-05,Redemption,-39872.57,EUR
ITX000258,INV0051,F006,2025-05-30,Subscription,27387.95,EUR
ITX000259,INV0092,F002,2025-12-21,Subscription,14737.7,EUR
ITX000260,INV0096,F008,2025-08-08,Redemption,-32970.62,EUR
ITX000261,INV0072,F005,2025-05-21,Subscription,27159.61,EUR
ITX000262,INV0031,F004,2025-02-21,Subscription,37174.1,EUR
ITX000263,INV0082,F004,2025-02-23,Subscription,26786.55,EUR
ITX000264,INV0061,F002,2025-05-21,Subscription,16849.53,EUR
ITX000265,INV0021,F007,2026-05-03,Subscription,27742.45,EUR
ITX000266,INV0037,F006,2025-10-20,Subscription,10373.07,EUR
ITX000267,INV0012,F004,2026-07-02,Subscription,45442.88,EUR
ITX000268,INV0005,F003,2026-03-04,Subscription,42591.49,EUR
ITX000269,INV0005,F007,2026-05-23,Redemption,-9201.54,EUR
ITX000270,INV0038,F001,2025-01-10,Subscription,37575.66,EUR
ITX000271,INV0043,F005,2026-04-11,Subscription,30337.76,EUR
ITX000272,INV0064,F003,2026-06-01,Redemption,-27393.37,EUR
ITX000273,INV0015,F006,2025-06-16,Subscription,10044.16,EUR
ITX000274,INV0092,F003,2025-01-15,Subscription,32590.12,EUR
ITX000275,INV0073,F004,2025-06-29,Subscription,39643.0,EUR
ITX000276,INV0052,F007,2026-06-12,Subscription,32116.93,EUR
ITX000277,INV0013,F003,2025-05-24,Subscription,20341.25,EUR
ITX000278,INV0001,F005,2026-01-28,Subscription,46823.36,EUR
ITX000279,INV0043,F005,2026-08-20,Subscription,37810.95,EUR
ITX000280,INV0084,F006,2025-08-30,Subscription,1066.07,EUR
ITX000281,INV0040,F003,2026-02-20,Subscription,6352.13,EUR
ITX000282,INV0091,F005,2025-05-01,Subscription,46193.75,EUR
ITX000283,INV0048,F004,2025-08-13,Subscription,47061.46,EUR
ITX000284,INV0059,F006,2026-03-02,Redemption,-24170.0,EUR
ITX000285,INV0097,F004,2025-09-11,Subscription,45683.45,EUR
ITX000286,INV0011,F008,2026-06-25,Subscription,29992.82,EUR
ITX000287,INV0073,F002,2025-03-05,Subscription,4366.08,EUR
ITX000288,INV0026,F003,2025-06-18,Redemption,-45192.96,EUR
ITX000289,INV0015,F004,2026-05-16,Subscription,26256.91,EUR
ITX000290,INV0008,F008,2025-05-16,Subscription,25763.58,EUR
ITX000291,INV0008,F008,2025-11-12,Subscription,23111.52,EUR
ITX000292,INV0001,F004,2026-08-16,Subscription,20099.46,EUR
ITX000293,INV0090,F002,2026-07-09,Subscription,21473.02,EUR
ITX000294,INV0009,F008,2025-02-02,Redemption,-46761.85,EUR
ITX000295,INV0018,F007,2026-01-19,Subscription,9409.08,EUR
ITX000296,INV0049,F007,2025-03-24,Redemption,-19432.74,EUR
ITX000297,INV0070,F003,2025-12-23,Subscription,33258.73,EUR
ITX000298,INV0051,F003,2025-08-17,Subscription,49645.92,EUR
ITX000299,INV0039,F008,2026-07-12,Redemption,-37930.88,EUR
ITX000300,INV0030,F004,2026-04-17,Subscription,19274.19,EUR
ITX000301,INV0093,F002,2025-02-02,Subscription,14144.66,EUR
ITX000302,INV0099,F001,2025-09-04,Subscription,21252.41,EUR
ITX000303,INV0005,F008,2025-02-19,Subscription,5494.39,EUR
ITX000304,INV0057,F004,2026-07-07,Subscription,2689.72,EUR
ITX000305,INV0008,F003,2026-05-31,Subscription,43254.65,EUR
ITX000306,INV0094,F006,2026-08-15,Redemption,-12091.0,EUR
ITX000307,INV0042,F004,2025-11-06,Subscription,33790.33,EUR
ITX000308,INV0067,F004,2026-02-28,Redemption,-49291.93,EUR
ITX000309,INV0076,F003,2026-03-14,Subscription,3517.4,EUR
ITX000310,INV0045,F007,2026-06-22,Subscription,2820.76,EUR
ITX000311,INV0020,F005,2026-01-21,Subscription,21108.07,EUR
ITX000312,INV0031,F004,2025-11-04,Subscription,27127.45,EUR
ITX000313,INV0060,F001,2026-07-30,Redemption,-7645.41,EUR
ITX000314,INV0068,F003,2026-02-02,Subscription,21117.14,EUR
ITX000315,INV0083,F002,2026-04-06,Subscription,10565.17,EUR
ITX000316,INV0093,F004,2025-02-22,Redemption,-5076.97,EUR
ITX000317,INV0078,F001,2025-03-16,Subscription,33846.76,EUR
ITX000318,INV0093,F004,2026-05-06,Subscription,38203.97,EUR
ITX000319,INV0039,F001,2025-08-05,Subscription,45398.12,EUR
ITX000320,INV0016,F008,2025-09-06,Redemption,-48122.84,EUR
ITX000321,INV0051,F004,2026-07-20,Subscription,35336.54,EUR
ITX000322,INV0060,F006,2025-11-12,Subscription,14511.43,EUR
ITX000323,INV0064,F008,2025-04-11,Subscription,25884.42,EUR
ITX000324,INV0098,F006,2025-07-28,Subscription,36259.47,EUR
ITX000325,INV0073,F004,2025-05-30,Subscription,20989.54,EUR
ITX000326,INV0075,F007,2025-10-30,Subscription,27888.92,EUR
ITX000327,INV0049,F004,2026-05-27,Subscription,16828.33,EUR
ITX000328,INV0044,F005,2026-05-16,Subscription,47201.49,EUR
ITX000329,INV0063,F008,2025-06-22,Redemption,-32263.88,EUR
ITX000330,INV0018,F008,2025-07-08,Subscription,17932.72,EUR
ITX000331,INV0083,F001,2026-06-21,Redemption,-27335.77,EUR
ITX000332,INV0086,F001,2025-01-07,Subscription,42411.52,EUR
ITX000333,INV0030,F002,2025-06-04,Subscription,42205.96,EUR
ITX000334,INV0048,F001,2026-05-10,Subscription,25533.78,EUR
ITX000335,INV0069,F007,2025-01-13,Subscription,1278.72,EUR
ITX000336,INV0069,F005,2025-01-18,Subscription,36248.54,EUR
ITX000337,INV0056,F003,2025-04-20,Subscription,35044.02,EUR
ITX000338,INV0031,F004,2026-06-24,Redemption,-26457.08,EUR
ITX000339,INV0051,F002,2026-01-18,Subscription,18044.83,EUR
ITX000340,INV0032,F004,2025-11-04,Redemption,-23220.39,EUR
ITX000341,INV0084,F001,2025-04-06,Subscription,42469.42,EUR
ITX000342,INV0061,F001,2025-01-10,Subscription,19169.89,EUR
ITX000343,INV0056,F006,2026-08-03,Subscription,4592.96,EUR
ITX000344,INV0068,F001,2025-08-24,Redemption,-48705.07,EUR
ITX000345,INV0073,F008,2025-10-05,Subscription,43471.79,EUR
ITX000346,INV0036,F001,2025-07-03,Subscription,4180.23,EUR
ITX000347,INV0027,F003,2026-02-12,Redemption,-16066.99,EUR
ITX000348,INV0073,F004,2026-08-04,Redemption,-15314.21,EUR
ITX000349,INV0070,F006,2026-01-29,Redemption,-19763.25,EUR
ITX000350,INV0089,F002,2026-05-28,Subscription,7427.55,EUR
ITX000351,INV0013,F007,2025-08-26,Subscription,17620.05,EUR
ITX000352,INV0099,F007,2025-12-01,Redemption,-17359.34,EUR
ITX000353,INV0058,F008,2025-08-22,Subscription,14029.69,EUR
ITX000354,INV0056,F003,2026-01-25,Subscription,47086.57,EUR
ITX000355,INV0032,F002,2025-03-26,Subscription,31121.49,EUR
ITX000356,INV0082,F003,2026-02-03,Subscription,19310.0,EUR
ITX000357,INV0001,F005,2026-04-01,Subscription,5774.27,EUR
ITX000358,INV0017,F002,2025-07-11,Subscription,13853.44,EUR
ITX000359,INV0066,F007,2025-04-16,Subscription,28070.76,EUR
ITX000360,INV0012,F006,2026-01-30,Subscription,18018.76,EUR
ITX000361,INV0100,F002,2026-07-27,Subscription,20983.6,EUR
ITX000362,INV0074,F003,2026-01-25,Redemption,-48919.57,EUR
ITX000363,INV0035,F008,2025-05-30,Subscription,13811.49,EUR
ITX000364,INV0054,F005,2026-05-11,Subscription,22016.48,EUR
ITX000365,INV0032,F008,2025-07-20,Subscription,18375.68,EUR
ITX000366,INV0001,F007,2025-12-07,Subscription,7206.73,EUR
ITX000367,INV0043,F008,2025-12-09,Redemption,-19304.55,EUR
ITX000368,INV0084,F003,2025-11-04,Subscription,41264.99,EUR
ITX000369,INV0026,F008,2025-11-18,Subscription,47390.31,EUR
ITX000370,INV0041,F005,2026-05-18,Subscription,20212.86,EUR
ITX000371,INV0042,F007,2025-10-15,Redemption,-39207.73,EUR
ITX000372,INV0015,F004,2026-07-13,Subscription,19950.29,EUR
ITX000373,INV0004,F008,2025-08-03,Subscription,38497.09,EUR
ITX000374,INV0089,F002,2026-02-23,Subscription,14920.89,EUR
ITX000375,INV0039,F004,2025-09-16,Subscription,7389.37,EUR
ITX000376,INV0049,F002,2026-04-05,Subscription,35904.2,EUR
ITX000377,INV0052,F007,2026-07-11,Redemption,-24222.12,EUR
ITX000378,INV0090,F002,2025-04-22,Subscription,48437.19,EUR
ITX000379,INV0046,F003,2025-02-15,Subscription,33051.28,EUR
ITX000380,INV0083,F007,2025-12-06,Subscription,32429.04,EUR
ITX000381,INV0002,F002,2025-09-22,Redemption,-21807.55,EUR
ITX000382,INV0072,F004,2026-04-02,Subscription,37469.22,EUR
ITX000383,INV0087,F003,2025-12-20,Subscription,23421.63,EUR
ITX000384,INV0038,F007,2025-03-29,Redemption,-24397.17,EUR
ITX000385,INV0019,F006,2025-11-16,Subscription,47063.47,EUR
ITX000386,INV0067,F008,2025-12-23,Subscription,39321.36,EUR
ITX000387,INV0090,F008,2025-11-23,Subscription,22189.21,EUR
ITX000388,INV0091,F002,2025-01-24,Subscription,2711.81,EUR
ITX000389,INV0087,F003,2025-09-07,Redemption,-32574.51,EUR
ITX000390,INV0043,F007,2026-04-19,Subscription,27819.56,EUR
ITX000391,INV0024,F003,2026-03-19,Subscription,20549.85,EUR
ITX000392,INV0026,F008,2026-03-16,Subscription,37000.72,EUR
ITX000393,INV0027,F005,2025-03-06,Subscription,35384.41,EUR
ITX000394,INV0069,F003,2026-01-10,Subscription,40075.37,EUR
ITX000395,INV0034,F008,2026-06-25,Subscription,23148.75,EUR
ITX000396,INV0050,F007,2025-04-27,Redemption,-16013.5,EUR
ITX000397,INV0080,F003,2025-11-01,Subscription,42353.13,EUR
ITX000398,INV0087,F003,2025-11-17,Redemption,-29713.33,EUR
ITX000399,INV0024,F006,2025-05-25,Subscription,15616.31,EUR
ITX000400,INV0018,F007,2026-03-10,Subscription,21202.84,EUR
ITX000401,INV0089,F003,2026-07-23,Subscription,31957.33,EUR
ITX000402,INV0024,F006,2026-04-07,Subscription,14797.32,EUR
ITX000403,INV0002,F008,2025-05-20,Subscription,43343.35,EUR
ITX000404,INV0072,F008,2026-02-23,Subscription,19505.24,EUR
ITX000405,INV0057,F008,2025-06-21,Subscription,21073.71,EUR
ITX000406,INV0098,F004,2025-10-27,Subscription,2027.6,EUR
ITX000407,INV0037,F003,2026-04-14,Subscription,11629.75,EUR
ITX000408,INV0064,F002,2026-08-10,Subscription,38741.11,EUR
ITX000409,INV0047,F001,2026-03-28,Subscription,38868.09,EUR
ITX000410,INV0014,F004,2025-11-01,Subscription,49493.9,EUR
ITX000411,INV0034,F006,2025-03-31,Redemption,-2095.4,EUR
ITX000412,INV0100,F004,2025-08-03,Subscription,49700.91,EUR
ITX000413,INV0045,F007,2025-06-19,Subscription,29602.23,EUR
ITX000414,INV0027,F001,2026-08-07,Subscription,39350.04,EUR
ITX000415,INV0069,F003,2025-11-28,Subscription,14413.71,EUR
ITX000416,INV0074,F005,2026-06-11,Redemption,-14985.42,EUR
ITX000417,INV0013,F003,2026-02-26,Redemption,-34125.32,EUR
ITX000418,INV0084,F003,2025-05-16,Redemption,-49628.07,EUR
ITX000419,INV0032,F007,2026-05-17,Subscription,35714.05,EUR
ITX000420,INV0081,F007,2026-01-20,Subscription,31803.9,EUR
ITX000421,INV0099,F002,2026-02-17,Subscription,31864.57,EUR
ITX000422,INV0048,F008,2026-05-15,Subscription,14272.17,EUR
ITX000423,INV0100,F002,2026-04-15,Subscription,622.42,EUR
ITX000424,INV0009,F007,2025-08-12,Subscription,35015.8,EUR
ITX000425,INV0064,F005,2025-11-27,Redemption,-41329.96,EUR
ITX000426,INV0074,F003,2026-08-03,Redemption,-17218.88,EUR
ITX000427,INV0088,F001,2025-02-17,Redemption,-39521.03,EUR
ITX000428,INV0059,F001,2025-05-08,Subscription,39302.54,EUR
ITX000429,INV0059,F001,2026-03-15,Redemption,-8320.18,EUR
ITX000430,INV0017,F005,2025-06-12,Subscription,34585.3,EUR
ITX000431,INV0012,F006,2025-09-14,Redemption,-43891.45,EUR
ITX000432,INV0084,F003,2025-02-23,Subscription,33393.19,EUR
ITX000433,INV0090,F004,2026-03-16,Subscription,15622.71,EUR
ITX000434,INV0001,F004,2026-05-04,Subscription,35333.05,EUR
ITX000435,INV0067,F008,2025-01-10,Subscription,29887.14,EUR
ITX000436,INV0016,F007,2025-05-16,Subscription,17506.92,EUR
ITX000437,INV0012,F002,2025-04-16,Subscription,11832.87,EUR
ITX000438,INV0018,F007,2025-05-17,Subscription,44108.96,EUR
ITX000439,INV0009,F001,2025-06-18,Subscription,34018.29,EUR
ITX000440,INV0081,F003,2026-02-26,Subscription,36260.39,EUR
ITX000441,INV0028,F002,2025-04-13,Subscription,22398.0,EUR
ITX000442,INV0094,F007,2025-12-26,Subscription,6596.28,EUR
ITX000443,INV0018,F004,2025-10-11,Redemption,-16067.93,EUR
ITX000444,INV0077,F005,2025-01-28,Subscription,12784.27,EUR
ITX000445,INV0039,F004,2026-06-15,Redemption,-33091.07,EUR
ITX000446,INV0051,F005,2025-02-25,Subscription,9838.0,EUR
ITX000447,INV0031,F008,2026-01-31,Subscription,39792.01,EUR
ITX000448,INV0077,F002,2026-06-25,Subscription,25229.34,EUR
ITX000449,INV0047,F006,2025-05-16,Redemption,-1097.32,EUR
ITX000450,INV0054,F006,2026-07-14,Subscription,42029.18,EUR
ITX000451,INV0099,F002,2025-01-18,Subscription,38254.93,EUR
ITX000452,INV0028,F001,2025-03-03,Subscription,1182.77,EUR
ITX000453,INV0037,F007,2026-03-10,Redemption,-20199.76,EUR
ITX000454,INV0069,F003,2025-10-12,Subscription,4580.18,EUR
ITX000455,INV0027,F003,2026-07-04,Subscription,4411.57,EUR
ITX000456,INV0098,F002,2025-11-14,Subscription,29528.64,EUR
ITX000457,INV0031,F001,2025-09-08,Subscription,36632.94,EUR
ITX000458,INV0059,F001,2025-11-13,Subscription,22006.94,EUR
ITX000459,INV0023,F002,2025-01-13,Subscription,33073.59,EUR
ITX000460,INV0021,F008,2025-12-22,Subscription,35224.23,EUR
ITX000461,INV0093,F005,2025-06-20,Subscription,39257.86,EUR
ITX000462,INV0035,F002,2025-01-31,Subscription,37613.93,EUR
ITX000463,INV0068,F002,2025-09-27,Subscription,21751.57,EUR
ITX000464,INV0010,F008,2026-04-12,Subscription,29044.26,EUR
ITX000465,INV0073,F003,2026-01-12,Subscription,3244.24,EUR
ITX000466,INV0074,F002,2025-08-22,Subscription,38779.78,EUR
ITX000467,INV0002,F004,2025-02-17,Subscription,627.14,EUR
ITX000468,INV0020,F003,2025-02-06,Subscription,19457.48,EUR
ITX000469,INV0095,F007,2025-08-18,Subscription,45740.41,EUR
ITX000470,INV0093,F006,2025-10-05,Subscription,21104.7,EUR
ITX000471,INV0016,F001,2025-07-03,Redemption,-28791.03,EUR
ITX000472,INV0006,F007,2025-03-12,Subscription,26030.82,EUR
ITX000473,INV0100,F005,2025-12-02,Redemption,-43368.6,EUR
ITX000474,INV0048,F004,2025-10-26,Subscription,23108.94,EUR
ITX000475,INV0080,F004,2026-04-21,Subscription,15543.51,EUR
ITX000476,INV0099,F004,2026-07-14,Subscription,48606.96,EUR
ITX000477,INV0001,F007,2025-01-25,Subscription,12633.78,EUR
ITX000478,INV0089,F001,2025-12-10,Subscription,17647.97,EUR
ITX000479,INV0095,F005,2025-04-17,Subscription,33036.54,EUR
ITX000480,INV0054,F008,2025-03-03,Subscription,49164.23,EUR
ITX000481,INV0036,F002,2025-02-14,Redemption,-7547.49,EUR
ITX000482,INV0067,F007,2026-01-17,Redemption,-44915.73,EUR
ITX000483,INV0075,F002,2026-06-02,Subscription,37521.02,EUR
ITX000484,INV0010,F001,2026-03-22,Subscription,41088.16,EUR
ITX000485,INV0038,F005,2025-11-19,Subscription,6970.06,EUR
ITX000486,INV0095,F006,2025-11-22,Redemption,-19951.16,EUR
ITX000487,INV0026,F003,2025-04-22,Subscription,12063.76,EUR
ITX000488,INV0060,F006,2026-02-21,Subscription,8636.56,EUR
ITX000489,INV0099,F004,2026-04-08,Subscription,18235.23,EUR
ITX000490,INV0016,F002,2025-06-11,Subscription,13617.89,EUR
ITX000491,INV0091,F001,2025-08-09,Subscription,15558.64,EUR
ITX000492,INV0012,F004,2025-12-31,Redemption,-16725.79,EUR
ITX000493,INV0039,F005,2025-06-28,Subscription,2923.06,EUR
ITX000494,INV0058,F004,2025-04-07,Subscription,20517.42,EUR
ITX000495,INV0018,F002,2025-01-13,Subscription,40292.89,EUR
ITX000496,INV0029,F003,2025-07-22,Subscription,39157.52,EUR
ITX000497,INV0081,F002,2026-08-20,Redemption,-18925.87,EUR
ITX000498,INV0010,F001,2025-03-08,Subscription,45912.71,EUR
ITX000499,INV0017,F002,2025-12-06,Subscription,32476.35,EUR
ITX000500,INV0007,F003,2026-08-11,Subscription,47142.89,EUR
ITX000501,INV0064,F001,2026-01-27,Subscription,36359.33,EUR
ITX000502,INV0028,F003,2025-10-09,Subscription,9053.96,EUR
ITX000503,INV0005,F004,2025-10-30,Subscription,44229.48,EUR
ITX000504,INV0062,F001,2025-03-31,Subscription,44197.54,EUR
ITX000505,INV0026,F004,2026-07-11,Subscription,7293.18,EUR
ITX000506,INV0092,F006,2026-05-07,Subscription,49475.48,EUR
ITX000507,INV0073,F006,2026-02-02,Subscription,24491.63,EUR
ITX000508,INV0077,F004,2025-01-31,Subscription,1790.12,EUR
ITX000509,INV0008,F008,2026-06-27,Redemption,-39037.64,EUR
ITX000510,INV0030,F003,2025-04-13,Subscription,29407.45,EUR
ITX000511,INV0069,F001,2025-08-13,Subscription,12437.06,EUR
ITX000512,INV0050,F006,2025-06-27,Subscription,49141.9,EUR
ITX000513,INV0095,F006,2025-01-29,Subscription,29829.72,EUR
ITX000514,INV0073,F003,2026-07-31,Subscription,17908.27,EUR
ITX000515,INV0064,F005,2025-06-29,Redemption,-41916.49,EUR
ITX000516,INV0030,F004,2025-01-21,Subscription,4967.74,EUR
ITX000517,INV0079,F004,2025-05-14,Subscription,533.83,EUR
ITX000518,INV0042,F001,2025-01-23,Subscription,9284.26,EUR
ITX000519,INV0019,F002,2026-06-23,Subscription,35382.47,EUR
ITX000520,INV0048,F007,2025-04-14,Redemption,-48047.66,EUR
ITX000521,INV0021,F007,2026-05-14,Subscription,16468.86,EUR
ITX000522,INV0072,F006,2025-08-17,Subscription,9123.03,EUR
ITX000523,INV0049,F005,2025-10-29,Subscription,40815.48,EUR
ITX000524,INV0090,F007,2026-08-05,Subscription,36577.13,EUR
ITX000525,INV0079,F004,2026-08-03,Subscription,30318.24,EUR
ITX000526,INV0043,F002,2025-09-01,Subscription,25061.16,EUR
ITX000527,INV0082,F002,2025-12-10,Subscription,16316.17,EUR
ITX000528,INV0032,F002,2025-12-25,Subscription,13628.02,EUR
ITX000529,INV0001,F001,2026-01-31,Subscription,5847.71,EUR
ITX000530,INV0022,F007,2026-05-20,Subscription,21272.83,EUR
ITX000531,INV0049,F002,2026-05-06,Redemption,-17885.94,EUR
ITX000532,INV0098,F004,2025-06-16,Subscription,29113.75,EUR
ITX000533,INV0005,F005,2025-01-21,Subscription,40060.13,EUR
ITX000534,INV0010,F006,2025-06-24,Subscription,47607.28,EUR
ITX000535,INV0010,F002,2025-12-13,Redemption,-8464.77,EUR
ITX000536,INV0062,F001,2026-03-18,Subscription,30875.41,EUR
ITX000537,INV0056,F003,2025-02-24,Redemption,-8667.36,EUR
ITX000538,INV0025,F007,2026-07-22,Subscription,10674.75,EUR
ITX000539,INV0034,F005,2025-11-01,Subscription,36633.71,EUR
ITX000540,INV0074,F008,2025-06-07,Subscription,2956.95,EUR
ITX000541,INV0012,F005,2026-05-07,Subscription,688.87,EUR
ITX000542,INV0022,F005,2025-03-25,Subscription,1773.92,EUR
ITX000543,INV0051,F008,2026-05-16,Subscription,6217.69,EUR
ITX000544,INV0083,F007,2025-07-09,Redemption,-13617.72,EUR
ITX000545,INV0024,F008,2025-02-15,Subscription,19381.54,EUR
ITX000546,INV0029,F005,2026-08-01,Subscription,23520.37,EUR
ITX000547,INV0086,F002,2025-03-29,Subscription,37735.64,EUR
ITX000548,INV0053,F004,2026-07-21,Subscription,40504.92,EUR
ITX000549,INV0067,F007,2026-07-03,Subscription,19661.75,EUR
ITX000550,INV0074,F004,2026-05-03,Subscription,46849.89,EUR
ITX000551,INV0092,F001,2026-05-30,Subscription,20042.82,EUR
ITX000552,INV0074,F003,2025-05-04,Subscription,26082.46,EUR
ITX000553,INV0022,F004,2025-07-17,Redemption,-22727.47,EUR
ITX000554,INV0088,F007,2025-07-26,Subscription,21457.06,EUR
ITX000555,INV0077,F005,2025-11-24,Redemption,-31547.7,EUR
ITX000556,INV0009,F002,2026-02-02,Redemption,-45751.61,EUR
ITX000557,INV0036,F008,2025-01-13,Subscription,27826.68,EUR
ITX000558,INV0067,F007,2025-04-26,Subscription,31341.37,EUR
ITX000559,INV0076,F002,2025-04-19,Subscription,7835.89,EUR
ITX000560,INV0037,F006,2026-02-25,Subscription,5499.03,EUR
ITX000561,INV0074,F008,2025-02-08,Subscription,32911.99,EUR
ITX000562,INV0080,F007,2025-02-09,Subscription,20447.21,EUR
ITX000563,INV0089,F004,2025-02-20,Subscription,44008.4,EUR
ITX000564,INV0048,F001,2025-12-12,Subscription,46081.33,EUR
ITX000565,INV0036,F008,2025-04-11,Subscription,15501.22,EUR
ITX000566,INV0039,F008,2025-11-25,Redemption,-11783.89,EUR
ITX000567,INV0083,F002,2025-07-12,Subscription,21130.25,EUR
ITX000568,INV0053,F008,2026-06-13,Subscription,45714.92,EUR
ITX000569,INV0066,F003,2025-03-09,Redemption,-41140.36,EUR
ITX000570,INV0018,F001,2025-06-27,Subscription,25586.37,EUR
ITX000571,INV0008,F004,2025-02-03,Subscription,41730.03,EUR
ITX000572,INV0091,F004,2025-10-08,Subscription,45942.54,EUR
ITX000573,INV0051,F002,2025-02-01,Subscription,23478.81,EUR
ITX000574,INV0058,F003,2026-05-01,Subscription,24694.94,EUR
ITX000575,INV0021,F005,2025-04-03,Subscription,17813.12,EUR
ITX000576,INV0021,F004,2025-08-15,Subscription,19635.0,EUR
ITX000577,INV0035,F007,2026-06-10,Subscription,34045.91,EUR
ITX000578,INV0099,F001,2026-05-01,Subscription,39125.03,EUR
ITX000579,INV0077,F001,2025-08-18,Redemption,-32544.89,EUR
ITX000580,INV0040,F005,2026-03-10,Subscription,40351.74,EUR
ITX000581,INV0059,F005,2025-08-12,Redemption,-42653.52,EUR
ITX000582,INV0080,F007,2025-04-15,Subscription,34021.21,EUR
ITX000583,INV0048,F005,2025-11-02,Subscription,49971.75,EUR
ITX000584,INV0044,F005,2025-11-29,Subscription,24346.05,EUR
ITX000585,INV0092,F005,2025-07-12,Redemption,-13426.77,EUR
ITX000586,INV0008,F007,2025-11-24,Subscription,38390.98,EUR
ITX000587,INV0084,F008,2025-10-30,Subscription,36203.52,EUR
ITX000588,INV0050,F001,2026-08-09,Subscription,21219.0,EUR
ITX000589,INV0092,F004,2026-07-02,Subscription,17486.77,EUR
ITX000590,INV0086,F006,2026-06-04,Subscription,24048.89,EUR
ITX000591,INV0085,F003,2025-10-28,Subscription,8914.34,EUR
ITX000592,INV0034,F003,2025-12-10,Subscription,6833.23,EUR
ITX000593,INV0029,F005,2026-03-07,Subscription,11501.55,EUR
ITX000594,INV0034,F005,2026-04-20,Subscription,16900.2,EUR
ITX000595,INV0082,F002,2026-04-29,Redemption,-23791.56,EUR
ITX000596,INV0088,F007,2026-06-27,Redemption,-25273.63,EUR
ITX000597,INV0020,F003,2025-07-25,Subscription,3176.07,EUR
ITX000598,INV0059,F003,2025-11-20,Subscription,49365.98,EUR
ITX000599,INV0011,F008,2025-12-07,Redemption,-9427.66,EUR
ITX000600,INV0082,F001,2025-01-05,Subscription,9252.8,EUR
ITX000601,INV0100,F003,2026-08-14,Subscription,10864.43,EUR
ITX000602,INV0098,F002,2025-05-13,Subscription,24734.07,EUR
ITX000603,INV0052,F007,2026-05-04,Subscription,31857.63,EUR
ITX000604,INV0026,F006,2025-01-15,Subscription,2367.4,EUR
ITX000605,INV0068,F004,2025-01-19,Redemption,-37963.96,EUR
ITX000606,INV0032,F004,2025-12-19,Subscription,31521.0,EUR
ITX000607,INV0065,F005,2025-06-21,Subscription,5584.06,EUR
ITX000608,INV0038,F008,2026-06-17,Subscription,2763.06,EUR
ITX000609,INV0088,F003,2025-12-17,Subscription,17222.84,EUR
ITX000610,INV0097,F004,2025-06-18,Redemption,-24763.84,EUR
ITX000611,INV0052,F001,2025-08-22,Redemption,-45951.17,EUR
ITX000612,INV0028,F001,2026-06-01,Subscription,49251.54,EUR
ITX000613,INV0084,F001,2026-01-20,Subscription,18646.28,EUR
ITX000614,INV0069,F001,2025-02-19,Redemption,-13161.56,EUR
ITX000615,INV0003,F001,2025-04-29,Subscription,32851.6,EUR
ITX000616,INV0071,F005,2026-05-01,Subscription,19322.56,EUR
ITX000617,INV0088,F001,2025-11-05,Subscription,10672.0,EUR
ITX000618,INV0067,F005,2025-05-21,Subscription,5498.5,EUR
ITX000619,INV0066,F002,2025-10-17,Subscription,44981.79,EUR
ITX000620,INV0026,F004,2025-09-27,Subscription,5760.05,EUR
ITX000621,INV0046,F007,2025-10-30,Redemption,-48669.43,EUR
ITX000622,INV0027,F008,2025-12-05,Subscription,27632.87,EUR
ITX000623,INV0012,F002,2026-08-11,Subscription,1131.1,EUR
ITX000624,INV0012,F002,2025-04-14,Subscription,7882.65,EUR
ITX000625,INV0059,F005,2025-09-28,Redemption,-32394.67,EUR
ITX000626,INV0023,F001,2025-10-25,Subscription,5440.54,EUR
ITX000627,INV0055,F002,2025-04-08,Subscription,33999.94,EUR
ITX000628,INV0002,F003,2025-06-24,Redemption,-44569.45,EUR
ITX000629,INV0080,F005,2025-04-06,Subscription,44779.12,EUR
ITX000630,INV0015,F007,2026-02-14,Subscription,17464.77,EUR
ITX000631,INV0050,F008,2026-03-08,Redemption,-13955.74,EUR
ITX000632,INV0015,F003,2025-03-02,Subscription,39947.02,EUR
ITX000633,INV0014,F007,2026-05-10,Redemption,-42295.32,EUR
ITX000634,INV0024,F007,2026-01-03,Subscription,34080.46,EUR
ITX000635,INV0094,F003,2026-05-10,Subscription,43197.5,EUR
ITX000636,INV0053,F008,2025-02-17,Redemption,-6090.41,EUR
ITX000637,INV0002,F004,2025-12-13,Subscription,32921.19,EUR
ITX000638,INV0080,F002,2026-03-20,Subscription,34567.96,EUR
ITX000639,INV0045,F007,2025-06-02,Subscription,12804.56,EUR
ITX000640,INV0079,F001,2025-01-12,Redemption,-28138.04,EUR
ITX000641,INV0061,F008,2025-06-19,Subscription,8267.9,EUR
ITX000642,INV0031,F006,2025-10-12,Subscription,24836.57,EUR
ITX000643,INV0083,F007,2026-02-17,Subscription,11523.97,EUR
ITX000644,INV0057,F008,2025-04-01,Subscription,4402.11,EUR
ITX000645,INV0016,F008,2025-01-19,Redemption,-22629.87,EUR
ITX000646,INV0072,F001,2025-04-04,Subscription,20910.76,EUR
ITX000647,INV0082,F005,2026-06-05,Subscription,48176.98,EUR
ITX000648,INV0059,F006,2026-01-08,Subscription,32902.5,EUR
ITX000649,INV0059,F006,2026-07-28,Redemption,-40921.14,EUR
ITX000650,INV0092,F006,2026-04-09,Subscription,30197.58,EUR
ITX000651,INV0029,F001,2025-12-16,Subscription,38086.34,EUR
ITX000652,INV0038,F006,2025-04-19,Subscription,31866.23,EUR
ITX000653,INV0018,F007,2025-04-20,Subscription,8625.69,EUR
ITX000654,INV0016,F007,2025-08-09,Subscription,10198.11,EUR
ITX000655,INV0092,F006,2025-04-21,Subscription,39180.31,EUR
ITX000656,INV0082,F002,2026-04-07,Subscription,2801.77,EUR
ITX000657,INV0065,F003,2026-05-26,Subscription,29671.15,EUR
ITX000658,INV0071,F007,2026-05-10,Subscription,36942.59,EUR
ITX000659,INV0023,F003,2025-05-12,Redemption,-39163.53,EUR
ITX000660,INV0078,F006,2026-06-01,Subscription,33047.33,EUR
ITX000661,INV0078,F004,2025-10-08,Redemption,-21223.9,EUR
ITX000662,INV0038,F008,2025-05-17,Subscription,17471.51,EUR
ITX000663,INV0096,F005,2026-07-15,Subscription,30324.96,EUR
ITX000664,INV0071,F004,2025-07-25,Redemption,-35737.78,EUR
ITX000665,INV0088,F006,2025-05-16,Subscription,35862.03,EUR
ITX000666,INV0023,F006,2025-04-29,Redemption,-32679.28,EUR
ITX000667,INV0075,F007,2026-07-01,Subscription,28332.87,EUR
ITX000668,INV0002,F002,2025-01-26,Subscription,42441.4,EUR
ITX000669,INV0008,F004,2025-10-01,Subscription,3126.72,EUR
ITX000670,INV0037,F005,2025-05-30,Subscription,8466.3,EUR
ITX000671,INV0038,F004,2026-07-09,Redemption,-34684.45,EUR
ITX000672,INV0014,F004,2026-07-29,Subscription,40794.3,EUR
ITX000673,INV0090,F005,2025-02-18,Subscription,25790.65,EUR
ITX000674,INV0088,F006,2026-07-20,Redemption,-19683.96,EUR
ITX000675,INV0026,F008,2025-08-19,Subscription,37311.66,EUR
ITX000676,INV0083,F006,2026-07-14,Redemption,-35379.14,EUR
ITX000677,INV0093,F004,2025-10-29,Subscription,10225.22,EUR
ITX000678,INV0010,F003,2025-06-27,Subscription,49180.94,EUR
ITX000679,INV0006,F007,2025-10-13,Subscription,6408.01,EUR
ITX000680,INV0075,F005,2025-01-06,Subscription,6938.29,EUR
ITX000681,INV0020,F001,2025-06-07,Subscription,35629.62,EUR
ITX000682,INV0100,F005,2026-05-18,Redemption,-30045.58,EUR
ITX000683,INV0010,F006,2026-06-23,Subscription,27732.93,EUR
ITX000684,INV0009,F003,2026-03-02,Subscription,9601.52,EUR
ITX000685,INV0045,F004,2025-08-07,Subscription,20469.14,EUR
ITX000686,INV0038,F004,2026-06-28,Subscription,16887.79,EUR
ITX000687,INV0097,F001,2025-04-28,Subscription,28286.07,EUR
ITX000688,INV0083,F004,2025-02-10,Subscription,22560.53,EUR
ITX000689,INV0015,F007,2025-09-20,Subscription,16386.38,EUR
ITX000690,INV0067,F006,2026-06-11,Subscription,14500.04,EUR
ITX000691,INV0006,F005,2025-07-17,Subscription,22555.07,EUR
ITX000692,INV0013,F003,2026-07-05,Subscription,4576.1,EUR
ITX000693,INV0027,F004,2026-03-11,Subscription,31533.19,EUR
ITX000694,INV0090,F007,2025-03-15,Redemption,-10676.19,EUR
ITX000695,INV0059,F006,2025-02-08,Subscription,8110.85,EUR
ITX000696,INV0033,F002,2026-08-12,Subscription,3186.27,EUR
ITX000697,INV0053,F007,2026-04-07,Redemption,-45593.84,EUR
ITX000698,INV0003,F007,2025-05-02,Subscription,21934.74,EUR
ITX000699,INV0080,F002,2025-02-16,Subscription,32250.43,EUR
ITX000700,INV0065,F002,2025-10-24,Subscription,4093.18,EUR
ITX000701,INV0012,F005,2026-03-25,Subscription,15416.86,EUR
ITX000702,INV0004,F008,2025-06-10,Subscription,41195.06,EUR
ITX000703,INV0051,F005,2025-05-28,Subscription,7250.88,EUR
ITX000704,INV0094,F006,2025-01-12,Subscription,44405.42,EUR
ITX000705,INV0016,F001,2025-01-06,Subscription,27975.95,EUR
ITX000706,INV0071,F002,2025-11-09,Subscription,20007.04,EUR
ITX000707,INV0093,F006,2025-08-05,Subscription,37200.81,EUR
ITX000708,INV0066,F003,2025-06-14,Subscription,32473.61,EUR
ITX000709,INV0033,F004,2025-04-28,Subscription,31035.8,EUR
ITX000710,INV0007,F008,2026-07-17,Subscription,40083.17,EUR
ITX000711,INV0033,F002,2025-07-22,Subscription,33748.42,EUR
ITX000712,INV0043,F006,2025-05-12,Subscription,24615.93,EUR
ITX000713,INV0037,F002,2025-07-18,Subscription,12109.38,EUR
ITX000714,INV0079,F005,2025-06-06,Subscription,22806.98,EUR
ITX000715,INV0041,F007,2025-06-22,Subscription,18542.43,EUR
ITX000716,INV0029,F007,2025-10-11,Subscription,12685.67,EUR
ITX000717,INV0094,F006,2026-05-07,Redemption,-7148.14,EUR
ITX000718,INV0040,F008,2026-07-19,Subscription,18257.71,EUR
ITX000719,INV0011,F005,2025-05-24,Subscription,32454.8,EUR
ITX000720,INV0094,F002,2025-03-19,Redemption,-10223.38,EUR
ITX000721,INV0081,F001,2026-08-19,Redemption,-42554.57,EUR
ITX000722,INV0028,F001,2026-07-19,Subscription,38575.41,EUR
ITX000723,INV0070,F008,2025-06-02,Subscription,44752.3,EUR
ITX000724,INV0099,F005,2025-05-18,Subscription,11553.68,EUR
ITX000725,INV0051,F006,2026-05-30,Subscription,25765.39,EUR
ITX000726,INV0079,F003,2026-06-11,Subscription,12324.6,EUR
ITX000727,INV0073,F003,2026-05-11,Subscription,8381.51,EUR
ITX000728,INV0098,F008,2025-08-26,Redemption,-2500.78,EUR
ITX000729,INV0006,F004,2026-06-15,Subscription,18787.04,EUR
ITX000730,INV0061,F008,2025-02-17,Redemption,-18381.94,EUR
ITX000731,INV0014,F005,2025-09-27,Subscription,32601.98,EUR
ITX000732,INV0049,F007,2026-01-10,Subscription,28722.93,EUR
ITX000733,INV0010,F005,2026-01-21,Subscription,44962.22,EUR
ITX000734,INV0052,F006,2025-12-20,Redemption,-11533.51,EUR
ITX000735,INV0078,F001,2026-05-29,Subscription,24364.45,EUR
ITX000736,INV0030,F002,2026-06-11,Redemption,-22274.99,EUR
ITX000737,INV0024,F003,2026-01-06,Subscription,10970.1,EUR
ITX000738,INV0085,F004,2026-03-01,Subscription,40939.28,EUR
ITX000739,INV0062,F008,2026-05-06,Subscription,36152.66,EUR
ITX000740,INV0053,F001,2025-09-07,Subscription,8481.69,EUR
ITX000741,INV0021,F003,2026-06-09,Subscription,28887.58,EUR
ITX000742,INV0008,F003,2025-09-22,Subscription,28827.33,EUR
ITX000743,INV0052,F001,2025-10-18,Redemption,-26073.71,EUR
ITX000744,INV0078,F008,2026-05-09,Redemption,-11221.37,EUR
ITX000745,INV0077,F003,2026-08-20,Subscription,41603.0,EUR
ITX000746,INV0085,F005,2025-06-21,Redemption,-9503.27,EUR
ITX000747,INV0059,F002,2025-08-24,Subscription,17462.23,EUR
ITX000748,INV0003,F004,2026-06-20,Subscription,7044.55,EUR
ITX000749,INV0054,F003,2025-04-09,Redemption,-25465.8,EUR
ITX000750,INV0077,F001,2026-06-29,Subscription,45129.61,EUR
ITX000751,INV0062,F003,2026-07-07,Subscription,6317.06,EUR
ITX000752,INV0100,F007,2026-06-19,Redemption,-44899.96,EUR
ITX000753,INV0090,F007,2025-08-23,Subscription,43803.8,EUR
ITX000754,INV0099,F007,2025-12-25,Redemption,-24365.11,EUR
ITX000755,INV0098,F002,2026-03-12,Subscription,37199.01,EUR
ITX000756,INV0030,F002,2025-10-18,Subscription,24118.49,EUR
ITX000757,INV0033,F004,2025-01-06,Subscription,27414.69,EUR
ITX000758,INV0074,F002,2026-06-17,Subscription,39576.41,EUR
ITX000759,INV0089,F006,2026-02-23,Subscription,32900.03,EUR
ITX000760,INV0084,F005,2025-09-25,Subscription,8161.54,EUR
ITX000761,INV0047,F005,2026-02-11,Redemption,-21466.3,EUR
ITX000762,INV0072,F008,2025-07-03,Subscription,20954.79,EUR
ITX000763,INV0033,F005,2026-08-15,Subscription,27968.11,EUR
ITX000764,INV0095,F003,2025-05-02,Subscription,35421.98,EUR
ITX000765,INV0090,F003,2025-04-13,Subscription,22606.45,EUR
ITX000766,INV0044,F001,2025-06-14,Subscription,20327.76,EUR
ITX000767,INV0012,F003,2026-04-28,Subscription,31975.89,EUR
ITX000768,INV0009,F005,2025-08-16,Redemption,-22051.18,EUR
ITX000769,INV0093,F007,2026-02-15,Subscription,30646.93,EUR
ITX000770,INV0092,F001,2025-06-29,Subscription,26289.77,EUR
ITX000771,INV0026,F005,2025-07-19,Subscription,22229.12,EUR
ITX000772,INV0067,F004,2025-06-23,Subscription,30175.99,EUR
ITX000773,INV0084,F001,2025-06-11,Subscription,18307.13,EUR
ITX000774,INV0052,F006,2026-02-09,Subscription,14158.88,EUR
ITX000775,INV0002,F002,2025-04-03,Subscription,10415.36,EUR
ITX000776,INV0072,F006,2025-12-22,Subscription,36443.87,EUR
ITX000777,INV0078,F004,2026-04-11,Redemption,-14187.14,EUR
ITX000778,INV0034,F003,2026-02-21,Redemption,-28957.88,EUR
ITX000779,INV0065,F005,2025-12-15,Subscription,28152.22,EUR
ITX000780,INV0033,F005,2026-03-30,Redemption,-40245.64,EUR
ITX000781,INV0099,F004,2025-12-14,Redemption,-28376.85,EUR
ITX000782,INV0059,F001,2026-05-09,Redemption,-23213.0,EUR
ITX000783,INV0082,F004,2025-08-24,Subscription,3843.94,EUR
ITX000784,INV0046,F001,2025-09-27,Subscription,20915.09,EUR
ITX000785,INV0087,F006,2025-03-19,Subscription,5103.97,EUR
ITX000786,INV0041,F006,2025-08-12,Subscription,9335.04,EUR
ITX000787,INV0096,F004,2026-05-26,Redemption,-13819.25,EUR
ITX000788,INV0031,F005,2025-07-31,Subscription,12125.64,EUR
ITX000789,INV0080,F006,2025-06-09,Subscription,41829.55,EUR
ITX000790,INV0011,F008,2025-01-07,Subscription,6433.99,EUR
ITX000791,INV0006,F008,2026-01-16,Subscription,27302.96,EUR
ITX000792,INV0074,F005,2026-05-18,Subscription,24870.85,EUR
ITX000793,INV0066,F005,2026-02-12,Subscription,38330.99,EUR
ITX000794,INV0007,F007,2026-05-05,Subscription,29044.93,EUR
ITX000795,INV0045,F007,2025-06-28,Redemption,-2111.85,EUR
ITX000796,INV0067,F008,2025-11-20,Subscription,6458.22,EUR
ITX000797,INV0027,F007,2026-08-18,Subscription,1085.09,EUR
ITX000798,INV0034,F003,2026-07-16,Subscription,18399.32,EUR
ITX000799,INV0079,F006,2026-01-10,Subscription,13835.71,EUR
ITX000800,INV0054,F006,2026-01-09,Subscription,21485.17,EUR
ITX000801,INV0024,F003,2026-08-13,Redemption,-14341.66,EUR
ITX000802,INV0093,F005,2025-08-30,Subscription,40802.44,EUR
ITX000803,INV0026,F003,2025-06-03,Subscription,42887.28,EUR
ITX000804,INV0054,F008,2025-05-18,Subscription,982.24,EUR
ITX000805,INV0067,F006,2026-05-14,Redemption,-42544.8,EUR
ITX000806,INV0073,F001,2026-02-12,Subscription,28325.85,EUR
ITX000807,INV0028,F005,2026-05-03,Subscription,8585.42,EUR
ITX000808,INV0096,F006,2025-09-24,Redemption,-5266.94,EUR
ITX000809,INV0033,F006,2025-01-21,Subscription,28237.33,EUR
ITX000810,INV0087,F004,2026-08-14,Subscription,17878.98,EUR
ITX000811,INV0023,F005,2025-12-30,Subscription,32631.98,EUR
ITX000812,INV0100,F008,2025-03-22,Subscription,25767.0,EUR
ITX000813,INV0081,F003,2025-06-21,Subscription,14682.92,EUR
ITX000814,INV0054,F007,2025-03-15,Subscription,46464.05,EUR
ITX000815,INV0041,F006,2025-10-26,Subscription,17509.46,EUR
ITX000816,INV0051,F005,2026-04-01,Subscription,30466.56,EUR
ITX000817,INV0096,F008,2026-02-28,Subscription,46969.11,EUR
ITX000818,INV0017,F004,2025-09-15,Subscription,42783.49,EUR
ITX000819,INV0011,F004,2025-06-20,Redemption,-35184.5,EUR
ITX000820,INV0061,F001,2025-01-27,Subscription,5229.91,EUR
ITX000821,INV0011,F002,2025-09-26,Subscription,26437.15,EUR
ITX000822,INV0050,F005,2025-08-23,Subscription,4673.41,EUR
ITX000823,INV0081,F003,2025-05-15,Subscription,14566.68,EUR
ITX000824,INV0005,F006,2025-11-30,Subscription,8945.1,EUR
ITX000825,INV0070,F005,2026-07-16,Redemption,-23626.08,EUR
ITX000826,INV0090,F003,2026-04-13,Subscription,48492.34,EUR
ITX000827,INV0073,F007,2026-06-21,Subscription,31974.63,EUR
ITX000828,INV0045,F008,2026-07-07,Subscription,26922.31,EUR
ITX000829,INV0040,F006,2026-02-27,Subscription,4932.92,EUR
ITX000830,INV0001,F003,2025-12-19,Subscription,15526.86,EUR
ITX000831,INV0089,F008,2026-05-04,Subscription,26987.39,EUR
ITX000832,INV0038,F004,2025-01-08,Subscription,38410.53,EUR
ITX000833,INV0072,F007,2026-02-09,Subscription,9834.26,EUR
ITX000834,INV0083,F007,2026-01-23,Subscription,35889.43,EUR
ITX000835,INV0081,F004,2026-06-14,Subscription,4420.88,EUR
ITX000836,INV0089,F005,2025-10-19,Subscription,45542.74,EUR
ITX000837,INV0035,F007,2025-07-12,Subscription,26831.24,EUR
ITX000838,INV0038,F002,2026-04-12,Redemption,-9529.16,EUR
ITX000839,INV0080,F008,2025-07-12,Subscription,13970.64,EUR
ITX000840,INV0069,F001,2025-07-10,Subscription,8031.39,EUR
ITX000841,INV0017,F008,2025-01-09,Redemption,-14464.67,EUR
ITX000842,INV0064,F004,2025-12-17,Subscription,7958.84,EUR
ITX000843,INV0064,F006,2026-04-20,Subscription,39393.4,EUR
ITX000844,INV0011,F003,2025-02-27,Subscription,2070.99,EUR
ITX000845,INV0070,F008,2025-07-05,Subscription,19924.88,EUR
ITX000846,INV0049,F001,2025-05-05,Subscription,42156.19,EUR
ITX000847,INV0050,F008,2025-09-11,Redemption,-35876.78,EUR
ITX000848,INV0059,F002,2026-06-18,Subscription,2158.76,EUR
ITX000849,INV0050,F005,2025-11-27,Subscription,10818.13,EUR
ITX000850,INV0096,F002,2025-09-17,Subscription,36547.74,EUR
ITX000851,INV0047,F001,2025-08-12,Subscription,15291.25,EUR
ITX000852,INV0056,F006,2025-01-16,Redemption,-12180.31,EUR
ITX000853,INV0016,F007,2025-09-06,Subscription,14166.95,EUR
ITX000854,INV0089,F008,2025-06-08,Subscription,2578.67,EUR
ITX000855,INV0021,F008,2025-04-04,Subscription,4929.26,EUR
ITX000856,INV0098,F001,2025-03-03,Subscription,17251.89,EUR
ITX000857,INV0069,F002,2025-05-09,Subscription,8118.96,EUR
ITX000858,INV0072,F006,2026-03-26,Subscription,16178.61,EUR
ITX000859,INV0049,F006,2025-05-18,Subscription,1556.97,EUR
ITX000860,INV0091,F008,2026-07-27,Subscription,2454.68,EUR
ITX000861,INV0025,F003,2026-07-11,Subscription,35003.37,EUR
ITX000862,INV0036,F003,2025-03-12,Subscription,36753.92,EUR
ITX000863,INV0034,F006,2026-04-10,Subscription,22744.52,EUR
ITX000864,INV0049,F003,2025-01-20,Subscription,32082.29,EUR
ITX000865,INV0080,F004,2025-11-25,Subscription,18521.72,EUR
ITX000866,INV0069,F007,2025-07-14,Subscription,33085.33,EUR
ITX000867,INV0071,F003,2025-10-17,Subscription,25128.68,EUR
ITX000868,INV0015,F002,2026-06-20,Subscription,32224.74,EUR
ITX000869,INV0017,F003,2025-02-02,Subscription,2666.97,EUR
ITX000870,INV0013,F001,2026-08-08,Subscription,24525.83,EUR
ITX000871,INV0063,F005,2025-02-20,Subscription,19735.64,EUR
ITX000872,INV0010,F001,2025-08-02,Subscription,30494.7,EUR
ITX000873,INV0011,F008,2025-03-04,Subscription,46455.98,EUR
ITX000874,INV0054,F006,2025-03-01,Subscription,37302.13,EUR
ITX000875,INV0006,F002,2025-11-08,Redemption,-13657.87,EUR
ITX000876,INV0067,F002,2025-04-14,Subscription,11187.05,EUR
ITX000877,INV0025,F004,2026-06-23,Subscription,26817.22,EUR
ITX000878,INV0023,F007,2025-04-19,Subscription,28716.37,EUR
ITX000879,INV0087,F008,2026-03-14,Subscription,29039.9,EUR
ITX000880,INV0024,F007,2026-06-01,Redemption,-8757.06,EUR
ITX000881,INV0077,F008,2025-12-27,Subscription,8329.73,EUR
ITX000882,INV0042,F006,2026-02-27,Redemption,-27729.03,EUR
ITX000883,INV0093,F006,2025-09-04,Subscription,21814.11,EUR
ITX000884,INV0099,F005,2026-01-04,Subscription,11089.44,EUR
ITX000885,INV0051,F001,2025-02-05,Redemption,-22651.24,EUR
ITX000886,INV0067,F003,2025-11-06,Redemption,-29990.26,EUR
ITX000887,INV0028,F006,2025-01-23,Subscription,49227.52,EUR
ITX000888,INV0036,F003,2025-04-07,Subscription,47195.72,EUR
ITX000889,INV0018,F005,2026-01-11,Subscription,18104.96,EUR
ITX000890,INV0033,F005,2025-04-05,Redemption,-12867.92,EUR
ITX000891,INV0028,F002,2025-11-29,Subscription,28668.71,EUR
ITX000892,INV0089,F002,2025-11-04,Subscription,9058.67,EUR
ITX000893,INV0049,F002,2025-02-27,Subscription,40512.89,EUR
ITX000894,INV0056,F007,2025-05-04,Redemption,-17052.29,EUR
ITX000895,INV0084,F001,2026-01-27,Redemption,-11722.52,EUR
ITX000896,INV0041,F003,2025-12-01,Subscription,26456.98,EUR
ITX000897,INV0007,F007,2026-04-02,Subscription,11429.46,EUR
ITX000898,INV0012,F004,2026-03-19,Subscription,28975.12,EUR
ITX000899,INV0017,F006,2025-03-26,Subscription,20018.96,EUR
ITX000900,INV0071,F007,2025-09-26,Subscription,37393.09,EUR
ITX000901,INV0100,F003,2025-05-19,Subscription,25340.24,EUR
ITX000902,INV0051,F004,2026-07-29,Subscription,10306.37,EUR
ITX000903,INV0032,F004,2025-03-15,Subscription,36915.55,EUR
ITX000904,INV0088,F002,2025-04-26,Subscription,21788.25,EUR
ITX000905,INV0045,F004,2025-11-25,Subscription,21465.26,EUR
ITX000906,INV0099,F005,2025-06-23,Subscription,32942.79,EUR
ITX000907,INV0057,F003,2026-03-28,Redemption,-31002.94,EUR
ITX000908,INV0026,F006,2025-06-09,Subscription,40999.51,EUR
ITX000909,INV0015,F001,2025-09-06,Subscription,42711.83,EUR
ITX000910,INV0037,F001,2025-12-18,Redemption,-46373.12,EUR
ITX000911,INV0058,F008,2025-01-24,Subscription,6008.26,EUR
ITX000912,INV0028,F004,2026-07-14,Subscription,37130.64,EUR
ITX000913,INV0062,F003,2025-01-19,Subscription,13303.57,EUR
ITX000914,INV0068,F001,2025-09-19,Subscription,45348.99,EUR
ITX000915,INV0090,F005,2025-02-24,Subscription,14558.67,EUR
ITX000916,INV0009,F007,2025-10-05,Subscription,47286.24,EUR
ITX000917,INV0047,F002,2025-01-20,Subscription,45687.0,EUR
ITX000918,INV0050,F004,2026-01-25,Subscription,44228.41,EUR
ITX000919,INV0041,F008,2026-06-29,Subscription,35629.6,EUR
ITX000920,INV0059,F001,2025-02-10,Subscription,10344.32,EUR
ITX000921,INV0043,F008,2026-02-07,Subscription,26706.06,EUR
ITX000922,INV0088,F006,2025-12-30,Subscription,1409.43,EUR
ITX000923,INV0065,F005,2025-03-05,Subscription,12192.14,EUR
ITX000924,INV0004,F005,2025-08-19,Subscription,43994.53,EUR
ITX000925,INV0085,F003,2025-03-31,Subscription,44910.18,EUR
ITX000926,INV0087,F004,2026-03-04,Subscription,26275.53,EUR
ITX000927,INV0040,F006,2026-04-05,Subscription,8061.08,EUR
ITX000928,INV0018,F004,2025-05-22,Subscription,10734.49,EUR
ITX000929,INV0068,F003,2026-03-17,Subscription,35404.25,EUR
ITX000930,INV0019,F003,2025-11-22,Redemption,-48800.96,EUR
ITX000931,INV0093,F002,2025-07-08,Subscription,26881.6,EUR
ITX000932,INV0094,F001,2025-11-23,Subscription,44042.09,EUR
ITX000933,INV0053,F005,2026-03-30,Redemption,-20994.99,EUR
ITX000934,INV0082,F005,2025-06-05,Subscription,41174.08,EUR
ITX000935,INV0024,F001,2025-10-01,Subscription,5785.19,EUR
ITX000936,INV0077,F004,2025-08-25,Subscription,30811.92,EUR
ITX000937,INV0089,F008,2025-05-18,Subscription,18283.44,EUR
ITX000938,INV0092,F006,2025-07-08,Subscription,30433.23,EUR
ITX000939,INV0018,F003,2025-07-17,Redemption,-24826.56,EUR
ITX000940,INV0002,F005,2026-02-27,Subscription,20725.16,EUR
ITX000941,INV0026,F004,2025-03-09,Subscription,33731.28,EUR
ITX000942,INV0057,F008,2025-11-29,Subscription,47757.6,EUR
ITX000943,INV0055,F007,2025-02-12,Redemption,-44435.55,EUR
ITX000944,INV0093,F006,2026-02-08,Subscription,41304.26,EUR
ITX000945,INV0077,F001,2026-06-18,Subscription,37252.16,EUR
ITX000946,INV0006,F004,2026-06-16,Subscription,23116.57,EUR
ITX000947,INV0006,F007,2026-06-13,Subscription,49199.62,EUR
ITX000948,INV0025,F005,2026-03-27,Subscription,48148.32,EUR
ITX000949,INV0037,F008,2025-06-20,Subscription,15575.43,EUR
ITX000950,INV0007,F003,2026-04-20,Subscription,30850.15,EUR
ITX000951,INV0093,F002,2025-07-04,Redemption,-22859.06,EUR
ITX000952,INV0090,F003,2026-02-07,Subscription,46923.2,EUR
ITX000953,INV0023,F008,2025-07-26,Subscription,22818.85,EUR
ITX000954,INV0042,F003,2025-05-07,Redemption,-4963.89,EUR
ITX000955,INV0082,F006,2025-03-29,Subscription,35458.22,EUR
ITX000956,INV0066,F003,2026-01-23,Subscription,19512.33,EUR
ITX000957,INV0022,F006,2026-08-03,Subscription,2673.35,EUR
ITX000958,INV0021,F003,2025-07-03,Redemption,-43202.29,EUR
ITX000959,INV0040,F005,2026-04-02,Subscription,3039.87,EUR
ITX000960,INV0017,F004,2025-01-04,Subscription,9444.45,EUR
ITX000961,INV0059,F008,2026-05-26,Subscription,13028.99,EUR
ITX000962,INV0064,F004,2025-08-11,Subscription,784.65,EUR
ITX000963,INV0053,F008,2025-03-23,Subscription,24047.74,EUR
ITX000964,INV0071,F005,2026-07-25,Subscription,825.36,EUR
ITX000965,INV0024,F003,2025-02-26,Redemption,-10778.06,EUR
ITX000966,INV0005,F005,2025-12-06,Subscription,2317.69,EUR
ITX000967,INV0054,F003,2025-06-15,Redemption,-2927.05,EUR
ITX000968,INV0089,F003,2026-04-12,Subscription,30748.94,EUR
ITX000969,INV0005,F002,2025-11-03,Subscription,18329.34,EUR
ITX000970,INV0009,F007,2026-07-18,Subscription,44927.72,EUR
ITX000971,INV0016,F005,2025-12-04,Subscription,23805.43,EUR
ITX000972,INV0090,F004,2025-03-01,Subscription,26469.99,EUR
ITX000973,INV0081,F002,2026-05-11,Subscription,36621.56,EUR
ITX000974,INV0091,F005,2026-03-14,Subscription,30436.51,EUR
ITX000975,INV0068,F006,2025-05-13,Subscription,16166.18,EUR
ITX000976,INV0094,F008,2026-05-20,Subscription,25071.65,EUR
ITX000977,INV0030,F005,2025-07-18,Subscription,44241.35,EUR
ITX000978,INV0081,F002,2025-08-01,Subscription,1687.35,EUR
ITX000979,INV0053,F001,2025-12-08,Subscription,49949.86,EUR
ITX000980,INV0028,F001,2025-07-26,Subscription,40399.15,EUR
ITX000981,INV0009,F005,2025-11-04,Subscription,13093.67,EUR
ITX000982,INV0001,F002,2025-12-08,Subscription,16534.23,EUR
ITX000983,INV0079,F001,2025-06-29,Subscription,36357.63,EUR
ITX000984,INV0087,F008,2026-05-01,Subscription,41774.35,EUR
ITX000985,INV0062,F003,2026-04-17,Subscription,32459.78,EUR
ITX000986,INV0043,F008,2026-02-28,Redemption,-27079.89,EUR
ITX000987,INV0067,F005,2026-08-02,Redemption,-3273.1,EUR
ITX000988,INV0069,F001,2025-08-02,Subscription,16117.39,EUR
ITX000989,INV0046,F002,2025-06-02,Subscription,16920.1,EUR
ITX000990,INV0049,F003,2026-08-08,Subscription,2043.07,EUR
ITX000991,INV0015,F005,2025-11-19,Subscription,9775.26,EUR
ITX000992,INV0012,F008,2025-09-01,Subscription,13939.12,EUR
ITX000993,INV0039,F004,2026-06-22,Subscription,41558.14,EUR
ITX000994,INV0005,F004,2025-04-05,Subscription,6055.45,EUR
ITX000995,INV0062,F003,2025-07-14,Subscription,1734.27,EUR
ITX000996,INV0068,F005,2025-12-02,Subscription,24431.86,EUR
ITX000997,INV0067,F003,2025-07-30,Subscription,43654.05,EUR
ITX000998,INV0092,F002,2025-01-05,Subscription,23238.74,EUR
ITX000999,INV0077,F002,2025-12-08,Subscription,2679.48,EUR
ITX001000,INV0067,F005,2025-01-24,Subscription,2783.92,EUR
